[{"team":"Kolkata Knight Riders","oponent":"Sunrisers Hyderabad","player":"Andre Russell","run":"9","for":"1","six":"0","runrate":"81.82"}][{"team":"Kolkata Knight Riders","oponent":"Mumbai Indians","player":"Andre Russell","run":"11","for":"2","six":"0","runrate":"100.00"}][{"team":"Kolkata Knight Riders","oponent":"Kings XI Punjab","player":"Andre Russell","run":"5","for":"1","six":"0","runrate":"166.67"}][{"team":"Kolkata Knight Riders","oponent":"Rajasthan Royals","player":"Andre Russell","run":"25","for":"1","six":"3","runrate":"227.27"}][{"team":"Kolkata Knight Riders","oponent":"Sunrisers Hyderabad","player":"Andre Russell","run":"9","for":"1","six":"0","runrate":"81.82"}][{"team":"Kolkata Knight Riders","oponent":"Delhi Capitals","player":"Andre Russell","run":"13","for":"1","six":"1","runrate":"162.50"}][{"team":"Kolkata Knight Riders","oponent":"Royal Challengers Bangalore","player":"Andre Russell","run":"16","for":"2","six":"1","runrate":"160.00"}][{"team":"Kolkata Knight Riders","oponent":"Rajasthan Royals","player":"Andre Russell","run":"24","for":"0","six":"3","runrate":"171.43"}][{"team":"Kolkata Knight Riders","oponent":"Chennai Super Kings","player":"Andre Russell","run":"2","for":"0","six":"0","runrate":"50.00"}]