[{"team":"Kolkata Knight Riders","oponant":"Sunrisers Hyderabad","player":"Dinesh Karthik","run":"29","for":"2","six":"2","runrate":"207.14"}][{"team":"Kolkata Knight Riders","oponant":"Mumbai Indians","player":"Dinesh Karthik","run":"30","for":"5","six":"0","runrate":"130.43"}][{"team":"Kolkata Knight Riders","oponant":"Kings XI Punjab","player":"Dinesh Karthik","run":"58","for":"8","six":"2","runrate":"200.00"}][{"team":"Kolkata Knight Riders","oponant":"Rajasthan Royals","player":"Dinesh Karthik","run":"0","for":"0","six":"0","runrate":"0.00"}][{"team":"Kolkata Knight Riders","oponant":"Sunrisers Hyderabad","player":"Dinesh Karthik","run":"29","for":"2","six":"2","runrate":"207.14"}][{"team":"Kolkata Knight Riders","oponant":"Delhi Capitals","player":"Dinesh Karthik","run":"6","for":"0","six":"0","runrate":"75.00"}][{"team":"Kolkata Knight Riders","oponant":"Kings XI Punjab","player":"Dinesh Karthik","run":"0","for":"0","six":"0","runrate":"0.00"}][{"team":"Kolkata Knight Riders","oponant":"Chennai Super Kings","player":"Dinesh Karthik","run":"21","for":"3","six":"0","runrate":"210.00"}][{"team":"Kolkata Knight Riders","oponant":"Royal Challengers Bangalore","player":"Dinesh Karthik","run":"1","for":"0","six":"0","runrate":"50.00"}][{"team":"Kolkata Knight Riders","oponant":"Royal Challengers Bangalore","player":"Dinesh Karthik","run":"4","for":"0","six":"0","runrate":"28.57"}][{"team":"Kolkata Knight Riders","oponant":"Delhi Capitals","player":"Dinesh Karthik","run":"3","for":"0","six":"0","runrate":"50.00"}][{"team":"Kolkata Knight Riders","oponant":"Rajasthan Royals","player":"Dinesh Karthik","run":"1","for":"0","six":"0","runrate":"33.33"}][{"team":"Kolkata Knight Riders","oponant":"Chennai Super Kings","player":"Dinesh Karthik","run":"12","for":"1","six":"0","runrate":"109.09"}]