[{"team":"Kolkata Knight Riders","opnonat":"Sunrisers Hyderabad","player":"Eoin Morgan","run":"34","for":"3","six":"1","runrate":"147.83"}][{"team":"Kolkata Knight Riders","oponent":"Mumbai Indians","player":"Eoin Morgan","run":"16","for":"1","six":"1","runrate":"80.00"}][{"team":"Kolkata Knight Riders","oponent":"Kings XI Punjab","player":"Eoin Morgan","run":"24","for":"2","six":"1","runrate":"104.35"}][{"team":"Kolkata Knight Riders","opnonat":"Rajasthan Royals","player":"Eoin Morgan","run":"68","for":"5","six":"6","runrate":"194.29"}][{"team":"Kolkata Knight Riders","opnonat":"Sunrisers Hyderabad","player":"Eoin Morgan","run":"34","for":"3","six":"1","runrate":"147.83"}][{"team":"Kolkata Knight Riders","oponent":"Delhi Capitals","player":"Eoin Morgan","run":"44","for":"1","six":"5","runrate":"244.44"}][{"team":"Kolkata Knight Riders","opnonat":"Kings XI Punjab","player":"Eoin Morgan","run":"40","for":"5","six":"2","runrate":"160.00"}][{"team":"Kolkata Knight Riders","opnonat":"Chennai Super Kings","player":"Eoin Morgan","run":"15","for":"2","six":"0","runrate":"125.00"}][{"team":"Kolkata Knight Riders","oponent":"Royal Challengers Bangalore","player":"Eoin Morgan","run":"8","for":"1","six":"0","runrate":"66.67"}][{"team":"Kolkata Knight Riders","opnonat":"Royal Challengers Bangalore","player":"Eoin Morgan","run":"30","for":"3","six":"1","runrate":"88.24"}][{"team":"Kolkata Knight Riders","opnonat":"Delhi Capitals","player":"Eoin Morgan","run":"17","for":"2","six":"1","runrate":"188.89"}][{"team":"Kolkata Knight Riders","oponent":"Rajasthan Royals","player":"Eoin Morgan","run":"34","for":"1","six":"2","runrate":"147.83"}][{"team":"Kolkata Knight Riders","oponent":"Chennai Super Kings","player":"Eoin Morgan","run":"7","for":"1","six":"0","runrate":"70.00"}]