[{"team":"Kolkata Knight Riders","oponent":"Rajasthan Royals","player":"Kamlesh Nagarkoti","run":"1","for":"0","six":"0","runrate":"100.00"}][{"team":"Kolkata Knight Riders","oponent":"Rajasthan Royals","player":"Kamlesh Nagarkoti","run":"1","for":"0","six":"0","runrate":"100.00"}][{"team":"Kolkata Knight Riders","oponent":"Delhi Capitals","player":"Kamlesh Nagarkoti","run":"3","for":"0","six":"0","runrate":"100.00"}][{"team":"Kolkata Knight Riders","oponent":"Kings XI Punjab","player":"Kamlesh Nagarkoti","run":"6","for":"0","six":"0","runrate":"46.15"}][{"team":"Kolkata Knight Riders","oponent":"Royal Challengers Bangalore","player":"Kamlesh Nagarkoti","run":"4","for":"0","six":"0","runrate":"57.14"}][{"team":"Kolkata Knight Riders","oponent":"Rajasthan Royals","player":"Kamlesh Nagarkoti","run":"8","for":"1","six":"0","runrate":"160.00"}][{"team":"Kolkata Knight Riders","oponent":"Chennai Super Kings","player":"Kamlesh Nagarkoti","run":"0","for":"0","six":"0","runrate":"0.00"}]