[{"team":"Kolkata Knight Riders","oponent":"Sunrisers Hyderabad","player":"Nitish Rana","run":"29","for":"3","six":"1","runrate":"145.00"}][{"team":"Kolkata Knight Riders","oponent":"Mumbai Indians","player":"Nitish Rana","run":"24","for":"2","six":"1","runrate":"133.33"}][{"team":"Kolkata Knight Riders","oponent":"Kings XI Punjab","player":"Nitish Rana","run":"2","for":"0","six":"0","runrate":"50.00"}][{"team":"Kolkata Knight Riders","oponent":"Rajasthan Royals","player":"Nitish Rana","run":"0","for":"0","six":"0","runrate":"0.00"}][{"team":"Kolkata Knight Riders","oponent":"Sunrisers Hyderabad","player":"Nitish Rana","run":"29","for":"3","six":"1","runrate":"145.00"}][{"team":"Kolkata Knight Riders","oponent":"Delhi Capitals","player":"Nitish Rana","run":"58","for":"4","six":"4","runrate":"165.71"}][{"team":"Kolkata Knight Riders","oponent":"Kings XI Punjab","player":"Nitish Rana","run":"0","for":"0","six":"0","runrate":"0.00"}][{"team":"Kolkata Knight Riders","oponent":"Chennai Super Kings","player":"Nitish Rana","run":"87","for":"10","six":"4","runrate":"142.62"}][{"team":"Kolkata Knight Riders","oponent":"Royal Challengers Bangalore","player":"Nitish Rana","run":"9","for":"1","six":"0","runrate":"64.29"}][{"team":"Kolkata Knight Riders","oponent":"Royal Challengers Bangalore","player":"Nitish Rana","run":"0","for":"0","six":"0","runrate":"0.00"}][{"team":"Kolkata Knight Riders","oponent":"Delhi Capitals","player":"Nitish Rana","run":"81","for":"13","six":"1","runrate":"152.83"}][{"team":"Kolkata Knight Riders","oponent":"Rajasthan Royals","player":"Nitish Rana","run":"22","for":"2","six":"1","runrate":"129.41"}][{"team":"Kolkata Knight Riders","oponent":"Chennai Super Kings","player":"Nitish Rana","run":"9","for":"1","six":"0","runrate":"90.00"}]