[{"team":"Kolkata Knight Riders","oponent":"Rajasthan Royals","player":"Pat Cummins","run":"15","for":"0","six":"1","runrate":"136.36"}][{"team":"Kolkata Knight Riders","oponent":"Mumbai Indians","player":"Pat Cummins","run":"33","for":"1","six":"4","runrate":"275.00"}][{"team":"Kolkata Knight Riders","oponent":"Kings XI Punjab","player":"Pat Cummins","run":"5","for":"0","six":"0","runrate":"125.00"}][{"team":"Kolkata Knight Riders","oponent":"Rajasthan Royals","player":"Pat Cummins","run":"15","for":"0","six":"1","runrate":"136.36"}][{"team":"Kolkata Knight Riders","oponent":"Delhi Capitals","player":"Pat Cummins","run":"5","for":"1","six":"0","runrate":"125.00"}][{"team":"Kolkata Knight Riders","oponent":"Kings XI Punjab","player":"Pat Cummins","run":"1","for":"0","six":"0","runrate":"12.50"}][{"team":"Kolkata Knight Riders","oponent":"Royal Challengers Bangalore","player":"Pat Cummins","run":"1","for":"0","six":"0","runrate":"33.33"}][{"team":"Kolkata Knight Riders","oponent":"Royal Challengers Bangalore","player":"Pat Cummins","run":"4","for":"0","six":"0","runrate":"23.53"}][{"team":"Kolkata Knight Riders","oponent":"Delhi Capitals","player":"Pat Cummins","run":"0","for":"0","six":"0","runrate":"0.00"}][{"team":"Kolkata Knight Riders","oponent":"Rajasthan Royals","player":"Pat Cummins","run":"12","for":"1","six":"0","runrate":"120.00"}][{"team":"Kolkata Knight Riders","oponent":"Chennai Super Kings","player":"Pat Cummins","run":"17","for":"1","six":"1","runrate":"188.89"}]