[{"team":"Kolkata Knight Riders","oponent":"Sunrisers Hyderabad","player":"Rahul Tripathi","run":"23","for":"2","six":"1","runrate":"143.75"}][{"team":"Kolkata Knight Riders","oponent":"Kings XI Punjab","player":"Rahul Tripathi","run":"4","for":"1","six":"0","runrate":"40.00"}][{"team":"Kolkata Knight Riders","oponent":"Rajasthan Royals","player":"Rahul Tripathi","run":"39","for":"4","six":"2","runrate":"114.71"}][{"team":"Kolkata Knight Riders","oponent":"Sunrisers Hyderabad","player":"Rahul Tripathi","run":"23","for":"2","six":"1","runrate":"143.75"}][{"team":"Kolkata Knight Riders","oponent":"Delhi Capitals","player":"Rahul Tripathi","run":"36","for":"3","six":"3","runrate":"225.00"}][{"team":"Kolkata Knight Riders","oponent":"Kings XI Punjab","player":"Rahul Tripathi","run":"7","for":"0","six":"1","runrate":"175.00"}][{"team":"Kolkata Knight Riders","oponent":"Chennai Super Kings","player":"Rahul Tripathi","run":"3","for":"0","six":"0","runrate":"150.00"}][{"team":"Kolkata Knight Riders","oponent":"Royal Challengers Bangalore","player":"Rahul Tripathi","run":"16","for":"1","six":"0","runrate":"72.73"}][{"team":"Kolkata Knight Riders","oponent":"Royal Challengers Bangalore","player":"Rahul Tripathi","run":"1","for":"0","six":"0","runrate":"20.00"}][{"team":"Kolkata Knight Riders","oponent":"Delhi Capitals","player":"Rahul Tripathi","run":"13","for":"1","six":"0","runrate":"108.33"}][{"team":"Kolkata Knight Riders","oponent":"Chennai Super Kings","player":"Rahul Tripathi","run":"81","for":"8","six":"3","runrate":"158.82"}]