[{"team":"Kolkata Knight Riders","oponent":"Mumbai Indians","player":"Shivam Mavi","run":"9","for":"1","six":"0","runrate":"90.00"}][{"team":"Kolkata Knight Riders","oponent":"Mumbai Indians","player":"Shivam Mavi","run":"9","for":"1","six":"0","runrate":"90.00"}][{"team":"Kolkata Knight Riders","oponent":"Delhi Capitals","player":"Shivam Mavi","run":"1","for":"0","six":"0","runrate":"33.33"}][{"team":"Kolkata Knight Riders","oponent":"Chennai Super Kings","player":"Shivam Mavi","run":"0","for":"0","six":"0","runrate":"0.00"}]