[{"team":"Kolkata Knight Riders","oponent":"Sunrisers Hyderabad","player":"Shubman Gill","run":"36","for":"5","six":"0","runrate":"97.30"}][{"team":"Kolkata Knight Riders","oponent":"Mumbai Indians","player":"Shubman Gill","run":"7","for":"1","six":"0","runrate":"63.64"}][{"team":"Kolkata Knight Riders","oponent":"Kings XI Punjab","player":"Shubman Gill","run":"57","for":"5","six":"0","runrate":"121.28"}][{"team":"Kolkata Knight Riders","oponent":"Rajasthan Royals","player":"Shubman Gill","run":"36","for":"6","six":"0","runrate":"150.00"}][{"team":"Kolkata Knight Riders","oponent":"Sunrisers Hyderabad","player":"Shubman Gill","run":"36","for":"5","six":"0","runrate":"97.30"}][{"team":"Kolkata Knight Riders","oponent":"Delhi Capitals","player":"Shubman Gill","run":"28","for":"2","six":"1","runrate":"127.27"}][{"team":"Kolkata Knight Riders","oponent":"Kings XI Punjab","player":"Shubman Gill","run":"57","for":"3","six":"4","runrate":"126.67"}][{"team":"Kolkata Knight Riders","oponent":"Chennai Super Kings","player":"Shubman Gill","run":"26","for":"4","six":"0","runrate":"152.94"}][{"team":"Kolkata Knight Riders","oponent":"Royal Challengers Bangalore","player":"Shubman Gill","run":"34","for":"3","six":"1","runrate":"136.00"}][{"team":"Kolkata Knight Riders","oponent":"Royal Challengers Bangalore","player":"Shubman Gill","run":"1","for":"0","six":"0","runrate":"16.67"}][{"team":"Kolkata Knight Riders","oponent":"Delhi Capitals","player":"Shubman Gill","run":"9","for":"2","six":"0","runrate":"112.50"}][{"team":"Kolkata Knight Riders","oponent":"Rajasthan Royals","player":"Shubman Gill","run":"47","for":"5","six":"1","runrate":"138.24"}][{"team":"Kolkata Knight Riders","oponent":"Chennai Super Kings","player":"Shubman Gill","run":"11","for":"1","six":"0","runrate":"91.67"}]