[{"team":"Kolkata Knight Riders","oponent":"Rajasthan Royals","player":"Sunil Narine","run":"0","for":"0","six":"0","runrate":"0.00"}][{"team":"Kolkata Knight Riders","oponent":"Mumbai Indians","player":"Sunil Narine","run":"9","for":"0","six":"1","runrate":"90.00"}][{"team":"Kolkata Knight Riders","oponent":"Rajasthan Royals","player":"Sunil Narine","run":"0","for":"0","six":"0","runrate":"0.00"}][{"team":"Kolkata Knight Riders","oponent":"Delhi Capitals","player":"Sunil Narine","run":"3","for":"0","six":"0","runrate":"60.00"}][{"team":"Kolkata Knight Riders","oponent":"Kings XI Punjab","player":"Sunil Narine","run":"6","for":"1","six":"0","runrate":"150.00"}][{"team":"Kolkata Knight Riders","oponent":"Chennai Super Kings","player":"Sunil Narine","run":"7","for":"0","six":"1","runrate":"100.00"}][{"team":"Kolkata Knight Riders","oponent":"Delhi Capitals","player":"Sunil Narine","run":"64","for":"6","six":"4","runrate":"200.00"}][{"team":"Kolkata Knight Riders","oponent":"Rajasthan Royals","player":"Sunil Narine","run":"15","for":"2","six":"1","runrate":"107.14"}][{"team":"Kolkata Knight Riders","oponent":"Chennai Super Kings","player":"Sunil Narine","run":"17","for":"1","six":"1","runrate":"188.89"}]