[{"team":"Kolkata Knight Riders","oponent":"Kings XI Punjab","player":"Varun Chakravarthy","run":"2","for":"0","six":"0","runrate":"50.00"}][{"team":"Kolkata Knight Riders","oponent":"Kings XI Punjab","player":"Varun Chakravarthy","run":"2","for":"0","six":"0","runrate":"50.00"}][{"team":"Kolkata Knight Riders","oponent":"Royal Challengers Bangalore","player":"Varun Chakravarthy","run":"7","for":"0","six":"0","runrate":"70.00"}][{"team":"Kolkata Knight Riders","oponent":"Chennai Super Kings","player":"Varun Chakravarthy","run":"1","for":"0","six":"0","runrate":"100.00"}]