[{"team":"Delhi Capitals","oponent":"Chennai Super Kings","player":"Ajinkya Rahane","run":"8","for":"1","six":"0","runrate":"80.00"}][{"team":"Delhi Capitals","oponent":"Mumbai Indians","player":"Ajinkya Rahane","run":"15","for":"3","six":"0","runrate":"100.00"}][{"team":"Delhi Capitals","oponent":"Rajasthan Royals","player":"Ajinkya Rahane","run":"2","for":"0","six":"0","runrate":"22.22"}][{"team":"Delhi Capitals","oponent":"Royal Challengers Bangalore","player":"Ajinkya Rahane","run":"60","for":"5","six":"1","runrate":"130.43"}][{"team":"Delhi Capitals","oponent":"Mumbai Indians","player":"Ajinkya Rahane","run":"2","for":"0","six":"0","runrate":"50.00"}][{"team":"Delhi Capitals","oponent":"Chennai Super Kings","player":"Ajinkya Rahane","run":"8","for":"1","six":"0","runrate":"80.00"}][{"team":"Delhi Capitals","oponent":"Sunrisers Hyderabad","player":"Ajinkya Rahane","run":"26","for":"3","six":"1","runrate":"136.84"}][{"team":"Delhi Capitals","oponent":"Kolkata Knight Riders","player":"Ajinkya Rahane","run":"0","for":"0","six":"0","runrate":"0.00"}][{"team":"Delhi Capitals","oponent":"Mumbai Indians","player":"Ajinkya Rahane","run":"0","for":"0","six":"0","runrate":"0.00"}]