[{"team":"Delhi Capitals","oponant":"Chennai Super Kings","player":"Alex Carey","run":"4","for":"0","six":"0","runrate":"57.14"}][{"team":"Delhi Capitals","oponant":"Mumbai Indians","player":"Alex Carey","run":"14","for":"0","six":"0","runrate":"155.56"}][{"team":"Delhi Capitals","oponant":"Rajasthan Royals","player":"Alex Carey","run":"14","for":"0","six":"1","runrate":"107.69"}][{"team":"Delhi Capitals","oponant":"Chennai Super Kings","player":"Alex Carey","run":"4","for":"0","six":"0","runrate":"57.14"}]