[{"team":"Delhi Capitals","oponent":"Sunrisers Hyderabad","player":"Anrich Nortje","run":"3","for":"0","six":"0","runrate":"150.00"}][{"team":"Delhi Capitals","oponent":"Kings XI Punjab","player":"Anrich Nortje","run":"3","for":"0","six":"0","runrate":"300.00"}][{"team":"Delhi Capitals","oponent":"Sunrisers Hyderabad","player":"Anrich Nortje","run":"1","for":"0","six":"0","runrate":"33.33"}][{"team":"Delhi Capitals","oponent":"Kolkata Knight Riders","player":"Anrich Nortje","run":"0","for":"0","six":"0","runrate":"0.00"}][{"team":"Delhi Capitals","oponent":"Sunrisers Hyderabad","player":"Anrich Nortje","run":"3","for":"0","six":"0","runrate":"150.00"}][{"team":"Delhi Capitals","oponent":"Mumbai Indians","player":"Anrich Nortje","run":"0","for":"0","six":"0","runrate":"0.00"}]