[{"team":"Delhi Capitals","oponent":"Chennai Super Kings","player":"Axar Patel","run":"21","for":"0","six":"3","runrate":"420.00"}][{"team":"Delhi Capitals","oponent":"Rajasthan Royals","player":"Axar Patel","run":"7","for":"1","six":"0","runrate":"175.00"}][{"team":"Delhi Capitals","oponent":"Kings XI Punjab","player":"Axar Patel","run":"6","for":"0","six":"0","runrate":"66.67"}][{"team":"Delhi Capitals","oponent":"Mumbai Indians","player":"Axar Patel","run":"9","for":"1","six":"0","runrate":"100.00"}][{"team":"Delhi Capitals","oponent":"Chennai Super Kings","player":"Axar Patel","run":"21","for":"0","six":"3","runrate":"420.00"}][{"team":"Delhi Capitals","oponent":"Sunrisers Hyderabad","player":"Axar Patel","run":"1","for":"0","six":"0","runrate":"25.00"}][{"team":"Delhi Capitals","oponent":"Kolkata Knight Riders","player":"Axar Patel","run":"9","for":"0","six":"1","runrate":"128.57"}][{"team":"Delhi Capitals","oponent":"Rajasthan Royals","player":"Axar Patel","run":"17","for":"2","six":"1","runrate":"212.50"}][{"team":"Delhi Capitals","oponent":"Sunrisers Hyderabad","player":"Axar Patel","run":"5","for":"0","six":"0","runrate":"83.33"}][{"team":"Delhi Capitals","oponent":"Mumbai Indians","player":"Axar Patel","run":"42","for":"2","six":"3","runrate":"127.27"}]