[{"team":"Delhi Capitals","oponent":"Sunrisers Hyderabad","player":"Kagiso Rabada","run":"15","for":"1","six":"1","runrate":"214.29"}][{"team":"Delhi Capitals","oponent":"Mumbai Indians","player":"Kagiso Rabada","run":"12","for":"0","six":"1","runrate":"171.43"}][{"team":"Delhi Capitals","oponent":"Kings XI Punjab","player":"Kagiso Rabada","run":"0","for":"0","six":"0","runrate":"0.00"}][{"team":"Delhi Capitals","oponent":"Mumbai Indians","player":"Kagiso Rabada","run":"0","for":"0","six":"0","runrate":"0.00"}][{"team":"Delhi Capitals","oponent":"Sunrisers Hyderabad","player":"Kagiso Rabada","run":"3","for":"0","six":"0","runrate":"42.86"}][{"team":"Delhi Capitals","oponent":"Kolkata Knight Riders","player":"Kagiso Rabada","run":"9","for":"1","six":"0","runrate":"90.00"}][{"team":"Delhi Capitals","oponent":"Rajasthan Royals","player":"Kagiso Rabada","run":"2","for":"0","six":"0","runrate":"66.67"}][{"team":"Delhi Capitals","oponent":"Sunrisers Hyderabad","player":"Kagiso Rabada","run":"15","for":"1","six":"1","runrate":"214.29"}][{"team":"Delhi Capitals","oponent":"Mumbai Indians","player":"Kagiso Rabada","run":"15","for":"2","six":"0","runrate":"100.00"}]