[{"team":"Delhi Capitals","oponent":"Chennai Super Kings","player":"Marcus Stoinis","run":"24","for":"1","six":"2","runrate":"171.43"}][{"team":"Delhi Capitals","oponent":"Mumbai Indians","player":"Marcus Stoinis","run":"13","for":"2","six":"0","runrate":"162.50"}][{"team":"Delhi Capitals","oponent":"Mumbai Indians","player":"Marcus Stoinis","run":"2","for":"0","six":"0","runrate":"66.67"}][{"team":"Delhi Capitals","oponent":"Kings XI Punjab","player":"Marcus Stoinis","run":"9","for":"0","six":"0","runrate":"90.00"}][{"team":"Delhi Capitals","oponent":"Rajasthan Royals","player":"Marcus Stoinis","run":"18","for":"1","six":"0","runrate":"94.74"}][{"team":"Delhi Capitals","oponent":"Kings XI Punjab","player":"Marcus Stoinis","run":"53","for":"7","six":"3","runrate":"252.38"}][{"team":"Delhi Capitals","oponent":"Royal Challengers Bangalore","player":"Marcus Stoinis","run":"10","for":"0","six":"1","runrate":"200.00"}][{"team":"Delhi Capitals","oponent":"Mumbai Indians","player":"Marcus Stoinis","run":"0","for":"0","six":"0","runrate":"0.00"}][{"team":"Delhi Capitals","oponent":"Kolkata Knight Riders","player":"Marcus Stoinis","run":"1","for":"0","six":"0","runrate":"33.33"}][{"team":"Delhi Capitals","oponent":"Royal Challengers Bangalore","player":"Marcus Stoinis","run":"53","for":"6","six":"2","runrate":"203.85"}][{"team":"Delhi Capitals","oponent":"Sunrisers Hyderabad","player":"Marcus Stoinis","run":"38","for":"5","six":"1","runrate":"140.74"}][{"team":"Delhi Capitals","oponent":"Chennai Super Kings","player":"Marcus Stoinis","run":"5","for":"1","six":"0","runrate":"166.67"}][{"team":"Delhi Capitals","oponent":"Chennai Super Kings","player":"Marcus Stoinis","run":"24","for":"1","six":"2","runrate":"171.43"}][{"team":"Delhi Capitals","oponent":"Sunrisers Hyderabad","player":"Marcus Stoinis","run":"5","for":"1","six":"0","runrate":"83.33"}][{"team":"Delhi Capitals","oponent":"Kolkata Knight Riders","player":"Marcus Stoinis","run":"6","for":"0","six":"0","runrate":"100.00"}][{"team":"Delhi Capitals","oponent":"Rajasthan Royals","player":"Marcus Stoinis","run":"39","for":"0","six":"4","runrate":"130.00"}][{"team":"Delhi Capitals","oponent":"Sunrisers Hyderabad","player":"Marcus Stoinis","run":"11","for":"1","six":"0","runrate":"122.22"}][{"team":"Delhi Capitals","oponent":"Mumbai Indians","player":"Marcus Stoinis","run":"65","for":"6","six":"3","runrate":"141.30"}]