[{"team":"Delhi Capitals","oponent":"Chennai Super Kings","player":"Prithvi Shaw","run":"0","for":"0","six":"0","runrate":"0.00"}][{"team":"Delhi Capitals","oponent":"Mumbai Indians","player":"Prithvi Shaw","run":"4","for":"1","six":"0","runrate":"133.33"}][{"team":"Delhi Capitals","oponent":"Mumbai Indians","player":"Prithvi Shaw","run":"10","for":"2","six":"0","runrate":"90.91"}][{"team":"Delhi Capitals","oponent":"Kings XI Punjab","player":"Prithvi Shaw","run":"7","for":"1","six":"0","runrate":"63.64"}][{"team":"Delhi Capitals","oponent":"Rajasthan Royals","player":"Prithvi Shaw","run":"0","for":"0","six":"0","runrate":"0.00"}][{"team":"Delhi Capitals","oponent":"Kings XI Punjab","player":"Prithvi Shaw","run":"5","for":"1","six":"0","runrate":"55.56"}][{"team":"Delhi Capitals","oponent":"Royal Challengers Bangalore","player":"Prithvi Shaw","run":"9","for":"2","six":"0","runrate":"150.00"}][{"team":"Delhi Capitals","oponent":"Kolkata Knight Riders","player":"Prithvi Shaw","run":"66","for":"4","six":"4","runrate":"160.98"}][{"team":"Delhi Capitals","oponent":"Royal Challengers Bangalore","player":"Prithvi Shaw","run":"42","for":"5","six":"2","runrate":"182.61"}][{"team":"Delhi Capitals","oponent":"Chennai Super Kings","player":"Prithvi Shaw","run":"64","for":"9","six":"1","runrate":"148.84"}][{"team":"Delhi Capitals","oponent":"Chennai Super Kings","player":"Prithvi Shaw","run":"0","for":"0","six":"0","runrate":"0.00"}][{"team":"Delhi Capitals","oponent":"Rajasthan Royals","player":"Prithvi Shaw","run":"19","for":"2","six":"1","runrate":"190.00"}][{"team":"Delhi Capitals","oponent":"Sunrisers Hyderabad","player":"Prithvi Shaw","run":"2","for":"0","six":"0","runrate":"40.00"}][{"team":"Delhi Capitals","oponent":"Mumbai Indians","player":"Prithvi Shaw","run":"0","for":"0","six":"0","runrate":"0.00"}]