[{"team":"Delhi Capitals","oponent":"Kings XI Punjab","player":"Ravichandran Ashwin","run":"4","for":"0","six":"0","runrate":"66.67"}][{"team":"Delhi Capitals","oponent":"Mumbai Indians","player":"Ravichandran Ashwin","run":"12","for":"0","six":"1","runrate":"133.33"}][{"team":"Delhi Capitals","oponent":"Rajasthan Royals","player":"Ravichandran Ashwin","run":"0","for":"0","six":"0","runrate":"0.00"}][{"team":"Delhi Capitals","oponent":"Kings XI Punjab","player":"Ravichandran Ashwin","run":"4","for":"0","six":"0","runrate":"66.67"}][{"team":"Delhi Capitals","oponent":"Sunrisers Hyderabad","player":"Ravichandran Ashwin","run":"7","for":"1","six":"0","runrate":"140.00"}][{"team":"Delhi Capitals","oponent":"Kolkata Knight Riders","player":"Ravichandran Ashwin","run":"14","for":"2","six":"0","runrate":"107.69"}][{"team":"Delhi Capitals","oponent":"Rajasthan Royals","player":"Ravichandran Ashwin","run":"0","for":"0","six":"0","runrate":"0.00"}]