[{"team":"Delhi Capitals","oponant":"Royal Challengers Bangalore","player":"Rishabh Pant","run":"37","for":"3","six":"2","runrate":"148.00"}][{"team":"Delhi Capitals","oponant":"Mumbai Indians","player":"Rishabh Pant","run":"21","for":"2","six":"0","runrate":"87.50"}][{"team":"Delhi Capitals","oponant":"Kings XI Punjab","player":"Rishabh Pant","run":"14","for":"1","six":"0","runrate":"70.00"}][{"team":"Delhi Capitals","oponant":"Kings XI Punjab","player":"Rishabh Pant","run":"31","for":"4","six":"0","runrate":"106.90"}][{"team":"Delhi Capitals","oponant":"Royal Challengers Bangalore","player":"Rishabh Pant","run":"8","for":"1","six":"0","runrate":"114.29"}][{"team":"Delhi Capitals","oponant":"Mumbai Indians","player":"Rishabh Pant","run":"56","for":"4","six":"2","runrate":"147.37"}][{"team":"Delhi Capitals","oponant":"Kolkata Knight Riders","player":"Rishabh Pant","run":"38","for":"5","six":"1","runrate":"223.53"}][{"team":"Delhi Capitals","oponant":"Royal Challengers Bangalore","player":"Rishabh Pant","run":"37","for":"3","six":"2","runrate":"148.00"}][{"team":"Delhi Capitals","oponant":"Sunrisers Hyderabad","player":"Rishabh Pant","run":"2","for":"0","six":"0","runrate":"66.67"}][{"team":"Delhi Capitals","oponant":"Chennai Super Kings","player":"Rishabh Pant","run":"37","for":"5","six":"0","runrate":"148.00"}][{"team":"Delhi Capitals","oponant":"Sunrisers Hyderabad","player":"Rishabh Pant","run":"36","for":"3","six":"1","runrate":"102.86"}][{"team":"Delhi Capitals","oponant":"Kolkata Knight Riders","player":"Rishabh Pant","run":"27","for":"2","six":"1","runrate":"81.82"}]





     [{"team":"Delhi Capitals",
      "oponant":"Rajasthan Royals",
      "player":"Rishabh Pant",
       "run":"5",
       "for":"0",
        "six":"0"
       ,"runrate":"55.56"
       }]
        [{"team":"Delhi Capitals",
        "oponant":"Sunrisers Hyderabad",
        "player":"Rishabh Pant",
        "run":"28",
        "for":"1",
        "six":"2",
        "runrate":"103.70"}]
        [{"
        team":"Delhi Capitals","
        oponant":"Mumbai Indians",
        "player":"Rishabh Pant","
        run":"3","
        for":"0","
        six":"0","runrate
        ":"33.33"
        }]