[{"team":"Delhi Capitals","oponent":"Chennai Super Kings","player":"Shikhar Dhawan","run":"101","for":"14","six":"1","runrate":"174.14"}][{"team":"Delhi Capitals","oponent":"Mumbai Indians","player":"Shikhar Dhawan","run":"69","for":"6","six":"1","runrate":"132.69"}][{"team":"Delhi Capitals","oponent":"Mumbai Indians","player":"Shikhar Dhawan","run":"0","for":"0","six":"0","runrate":"0.00"}][{"team":"Delhi Capitals","oponent":"Kings XI Punjab","player":"Shikhar Dhawan","run":"106","for":"12","six":"3","runrate":"173.77"}][{"team":"Delhi Capitals","oponent":"Rajasthan Royals","player":"Shikhar Dhawan","run":"57","for":"6","six":"2","runrate":"172.73"}][{"team":"Delhi Capitals","oponent":"Kings XI Punjab","player":"Shikhar Dhawan","run":"0","for":"0","six":"0","runrate":"0.00"}][{"team":"Delhi Capitals","oponent":"Royal Challengers Bangalore","player":"Shikhar Dhawan","run":"54","for":"6","six":"0","runrate":"131.71"}][{"team":"Delhi Capitals","oponent":"Mumbai Indians","player":"Shikhar Dhawan","run":"15","for":"3","six":"0","runrate":"115.38"}][{"team":"Delhi Capitals","oponent":"Kolkata Knight Riders","player":"Shikhar Dhawan","run":"26","for":"2","six":"2","runrate":"162.50"}][{"team":"Delhi Capitals","oponent":"Royal Challengers Bangalore","player":"Shikhar Dhawan","run":"32","for":"3","six":"0","runrate":"114.29"}][{"team":"Delhi Capitals","oponent":"Sunrisers Hyderabad","player":"Shikhar Dhawan","run":"78","for":"6","six":"2","runrate":"156.00"}][{"team":"Delhi Capitals","oponent":"Chennai Super Kings","player":"Shikhar Dhawan","run":"35","for":"3","six":"1","runrate":"129.63"}][{"team":"Delhi Capitals","oponent":"Chennai Super Kings","player":"Shikhar Dhawan","run":"101","for":"14","six":"1","runrate":"174.14"}][{"team":"Delhi Capitals","oponent":"Sunrisers Hyderabad","player":"Shikhar Dhawan","run":"0","for":"0","six":"0","runrate":"0.00"}][{"team":"Delhi Capitals","oponent":"Kolkata Knight Riders","player":"Shikhar Dhawan","run":"6","for":"1","six":"0","runrate":"100.00"}][{"team":"Delhi Capitals","oponent":"Rajasthan Royals","player":"Shikhar Dhawan","run":"5","for":"1","six":"0","runrate":"125.00"}][{"team":"Delhi Capitals","oponent":"Sunrisers Hyderabad","player":"Shikhar Dhawan","run":"34","for":"4","six":"0","runrate":"109.68"}][{"team":"Delhi Capitals","oponent":"Mumbai Indians","player":"Shikhar Dhawan","run":"0","for":"0","six":"0","runrate":"0.00"}]