[{"team":"Delhi Capitals","oponent":"Royal Challengers Bangalore","player":"Shimron Hetmyer","run":"11","for":"0","six":"1","runrate":"157.14"}][{"team":"Delhi Capitals","oponent":"Mumbai Indians","player":"Shimron Hetmyer","run":"11","for":"1","six":"0","runrate":"84.62"}][{"team":"Delhi Capitals","oponent":"Kings XI Punjab","player":"Shimron Hetmyer","run":"10","for":"0","six":"1","runrate":"166.67"}][{"team":"Delhi Capitals","oponent":"Kings XI Punjab","player":"Shimron Hetmyer","run":"7","for":"1","six":"0","runrate":"53.85"}][{"team":"Delhi Capitals","oponent":"Mumbai Indians","player":"Shimron Hetmyer","run":"5","for":"1","six":"0","runrate":"100.00"}][{"team":"Delhi Capitals","oponent":"Kolkata Knight Riders","player":"Shimron Hetmyer","run":"7","for":"0","six":"1","runrate":"140.00"}][{"team":"Delhi Capitals","oponent":"Royal Challengers Bangalore","player":"Shimron Hetmyer","run":"11","for":"0","six":"1","runrate":"157.14"}][{"team":"Delhi Capitals","oponent":"Sunrisers Hyderabad","player":"Shimron Hetmyer","run":"42","for":"4","six":"1","runrate":"190.91"}][{"team":"Delhi Capitals","oponent":"Sunrisers Hyderabad","player":"Shimron Hetmyer","run":"16","for":"3","six":"0","runrate":"123.08"}][{"team":"Delhi Capitals","oponent":"Kolkata Knight Riders","player":"Shimron Hetmyer","run":"10","for":"0","six":"1","runrate":"200.00"}][{"team":"Delhi Capitals","oponent":"Rajasthan Royals","player":"Shimron Hetmyer","run":"45","for":"1","six":"5","runrate":"187.50"}][{"team":"Delhi Capitals","oponent":"Sunrisers Hyderabad","player":"Shimron Hetmyer","run":"21","for":"0","six":"2","runrate":"175.00"}]