[{"team":"Delhi Capitals","opnonat":"Chennai Super Kings","player":"Shreyas Iyer","run":"23","for":"1","six":"1","runrate":"100.00"}][{"team":"Delhi Capitals","opnonat":"Mumbai Indians","player":"Shreyas Iyer","run":"42","for":"5","six":"0","runrate":"127.27"}][{"team":"Delhi Capitals","opnonat":"Mumbai Indians","player":"Shreyas Iyer","run":"25","for":"1","six":"1","runrate":"86.21"}][{"team":"Delhi Capitals","opnonat":"Kings XI Punjab","player":"Shreyas Iyer","run":"14","for":"0","six":"1","runrate":"116.67"}][{"team":"Delhi Capitals","opnonat":"Rajasthan Royals","player":"Shreyas Iyer","run":"53","for":"3","six":"2","runrate":"123.26"}][{"team":"Delhi Capitals","opnonat":"Kings XI Punjab","player":"Shreyas Iyer","run":"39","for":"0","six":"3","runrate":"121.88"}][{"team":"Delhi Capitals","opnonat":"Royal Challengers Bangalore","player":"Shreyas Iyer","run":"7","for":"0","six":"0","runrate":"77.78"}][{"team":"Delhi Capitals","opnonat":"Mumbai Indians","player":"Shreyas Iyer","run":"65","for":"6","six":"2","runrate":"130.00"}][{"team":"Delhi Capitals","opnonat":"Kolkata Knight Riders","player":"Shreyas Iyer","run":"88","for":"7","six":"6","runrate":"231.58"}][{"team":"Delhi Capitals","opnonat":"Royal Challengers Bangalore","player":"Shreyas Iyer","run":"11","for":"1","six":"0","runrate":"84.62"}][{"team":"Delhi Capitals","opnonat":"Sunrisers Hyderabad","player":"Shreyas Iyer","run":"21","for":"1","six":"0","runrate":"105.00"}][{"team":"Delhi Capitals","opnonat":"Chennai Super Kings","player":"Shreyas Iyer","run":"26","for":"1","six":"0","runrate":"118.18"}][{"team":"Delhi Capitals","opnonat":"Chennai Super Kings","player":"Shreyas Iyer","run":"23","for":"1","six":"1","runrate":"100.00"}][{"team":"Delhi Capitals","opnonat":"Sunrisers Hyderabad","player":"Shreyas Iyer","run":"7","for":"0","six":"0","runrate":"58.33"}][{"team":"Delhi Capitals","opnonat":"Kolkata Knight Riders","player":"Shreyas Iyer","run":"47","for":"5","six":"0","runrate":"123.68"}][{"team":"Delhi Capitals","opnonat":"Rajasthan Royals","player":"Shreyas Iyer","run":"22","for":"4","six":"0","runrate":"122.22"}][{"team":"Delhi Capitals","opnonat":"Sunrisers Hyderabad","player":"Shreyas Iyer","run":"17","for":"2","six":"0","runrate":"80.95"}][{"team":"Delhi Capitals","opnonat":"Mumbai Indians","player":"Shreyas Iyer","run":"12","for":"3","six":"0","runrate":"150.00"}]