[{"team":"Mumbai Indians","oponent":"Chennai Super Kings","player":"Hardik Pandya","run":"14","for":"0","six":"2","runrate":"140.00"}][{"team":"Mumbai Indians","oponent":"Kolkata Knight Riders","player":"Hardik Pandya","run":"18","for":"2","six":"1","runrate":"138.46"}][{"team":"Mumbai Indians","oponent":"Delhi Capitals","player":"Hardik Pandya","run":"0","for":"0","six":"0","runrate":"0.00"}][{"team":"Mumbai Indians","oponent":"Royal Challengers Bangalore","player":"Hardik Pandya","run":"17","for":"0","six":"2","runrate":"113.33"}][{"team":"Mumbai Indians","oponent":"Delhi Capitals","player":"Hardik Pandya","run":"3","for":"0","six":"0","runrate":"60.00"}][{"team":"Mumbai Indians","oponent":"Rajasthan Royals","player":"Hardik Pandya","run":"60","for":"2","six":"7","runrate":"285.71"}][{"team":"Mumbai Indians","oponent":"Chennai Super Kings","player":"Hardik Pandya","run":"14","for":"0","six":"2","runrate":"140.00"}][{"team":"Mumbai Indians","oponent":"Kings XI Punjab","player":"Hardik Pandya","run":"8","for":"0","six":"1","runrate":"200.00"}][{"team":"Mumbai Indians","oponent":"Kings XI Punjab","player":"Hardik Pandya","run":"30","for":"3","six":"2","runrate":"272.73"}][{"team":"Mumbai Indians","oponent":"Royal Challengers Bangalore","player":"Hardik Pandya","run":"15","for":"0","six":"1","runrate":"115.38"}][{"team":"Mumbai Indians","oponent":"Rajasthan Royals","player":"Hardik Pandya","run":"30","for":"2","six":"1","runrate":"157.89"}][{"team":"Mumbai Indians","oponent":"Sunrisers Hyderabad","player":"Hardik Pandya","run":"28","for":"2","six":"2","runrate":"147.37"}][{"team":"Mumbai Indians","oponent":"Delhi Capitals","player":"Hardik Pandya","run":"37","for":"0","six":"5","runrate":"264.29"}]