[
    {
        "team": "Mumbai Indians",
        "oponent": "Delhi Capitals",
        "player": "Ishan Kishan",
        "run": "28",
        "for": "2",
        "six": "2",
        "runrate": "186.67"
    }
][
    {
        "team": "Mumbai Indians",
        "oponent": "Chennai Super Kings",
        "player": "Ishan Kishan",
        "run": "68",
        "for": "6",
        "six": "5",
        "runrate": "183.78"
    }
][
    {
        "team": "Mumbai Indians",
        "oponent": "Delhi Capitals",
        "player": "Ishan Kishan",
        "run": "28",
        "for": "2",
        "six": "2",
        "runrate": "186.67"
    }
][
    {
        "team": "Mumbai Indians",
        "oponent": "Delhi Capitals",
        "player": "Ishan Kishan",
        "run": "72",
        "for": "8",
        "six": "3",
        "runrate": "153.19"
    }
][
    {
        "team": "Mumbai Indians",
        "oponent": "Royal Challengers Bangalore",
        "player": "Ishan Kishan",
        "run": "25",
        "for": "3",
        "six": "1",
        "runrate": "131.58"
    }
][
    {
        "team": "Mumbai Indians",
        "oponent": "Delhi Capitals",
        "player": "Ishan Kishan",
        "run": "33",
        "for": "3",
        "six": "1",
        "runrate": "173.68"
    }
][
    {
        "team": "Mumbai Indians",
        "oponent": "Rajasthan Royals",
        "player": "Ishan Kishan",
        "run": "37",
        "for": "4",
        "six": "1",
        "runrate": "102.78"
    }
][
    {
        "team": "Mumbai Indians",
        "oponent": "Kings XI Punjab",
        "player": "Ishan Kishan",
        "run": "7",
        "for": "1",
        "six": "0",
        "runrate": "100.00"
    }
][
    {
        "team": "Mumbai Indians",
        "oponent": "Kings XI Punjab",
        "player": "Ishan Kishan",
        "run": "28",
        "for": "1",
        "six": "1",
        "runrate": "87.50"
    }
][
    {
        "team": "Mumbai Indians",
        "oponent": "Royal Challengers Bangalore",
        "player": "Ishan Kishan",
        "run": "99",
        "for": "2",
        "six": "9",
        "runrate": "170.69"
    }
][
    {
        "team": "Mumbai Indians",
        "oponent": "Rajasthan Royals",
        "player": "Ishan Kishan",
        "run": "0",
        "for": "0",
        "six": "0",
        "runrate": "0.00"
    }
][
    {
        "team": "Mumbai Indians",
        "oponent": "Sunrisers Hyderabad",
        "player": "Ishan Kishan",
        "run": "31",
        "for": "1",
        "six": "2",
        "runrate": "134.78"
    }
][
    {
        "team": "Mumbai Indians",
        "oponent": "Delhi Capitals",
        "player": "Ishan Kishan",
        "run": "55",
        "for": "4",
        "six": "3",
        "runrate": "183.33"
    }
]