[
    {
        "team": "Mumbai Indians",
        "oponent": "Chennai Super Kings",
        "player": "Kieron Pollard",
        "run": "18",
        "for": "1",
        "six": "1",
        "runrate": "128.57"
    }
][
    {
        "team": "Mumbai Indians",
        "oponent": "Kolkata Knight Riders",
        "player": "Kieron Pollard",
        "run": "13",
        "for": "1",
        "six": "0",
        "runrate": "185.71"
    }
][
    {
        "team": "Mumbai Indians",
        "oponent": "Delhi Capitals",
        "player": "Kieron Pollard",
        "run": "11",
        "for": "1",
        "six": "0",
        "runrate": "78.57"
    }
][
    {
        "team": "Mumbai Indians",
        "opnonat": "Royal Challengers Bangalore",
        "player": "Kieron Pollard",
        "run": "4",
        "for": "1",
        "six": "0",
        "runrate": "400.00"
    }
][
    {
        "team": "Mumbai Indians",
        "oponent": "Delhi Capitals",
        "player": "Kieron Pollard",
        "run": "9",
        "for": "2",
        "six": "0",
        "runrate": "225.00"
    }
][
    {
        "team": "Mumbai Indians",
        "opnonat": "Rajasthan Royals",
        "player": "Kieron Pollard",
        "run": "6",
        "for": "0",
        "six": "1",
        "runrate": "150.00"
    }
][
    {
        "team": "Mumbai Indians",
        "oponent": "Chennai Super Kings",
        "player": "Kieron Pollard",
        "run": "18",
        "for": "1",
        "six": "1",
        "runrate": "128.57"
    }
][
    {
        "team": "Mumbai Indians",
        "oponent": "Kings XI Punjab",
        "player": "Kieron Pollard",
        "run": "34",
        "for": "1",
        "six": "4",
        "runrate": "283.33"
    }
][
    {
        "team": "Mumbai Indians",
        "oponent": "Kings XI Punjab",
        "player": "Kieron Pollard",
        "run": "47",
        "for": "3",
        "six": "4",
        "runrate": "235.00"
    }
][
    {
        "team": "Mumbai Indians",
        "oponent": "Royal Challengers Bangalore",
        "player": "Kieron Pollard",
        "run": "60",
        "for": "3",
        "six": "5",
        "runrate": "250.00"
    }
][
    {
        "team": "Mumbai Indians",
        "oponent": "Sunrisers Hyderabad",
        "player": "Kieron Pollard",
        "run": "25",
        "for": "0",
        "six": "3",
        "runrate": "192.31"
    }
][
    {
        "team": "Mumbai Indians",
        "oponent": "Delhi Capitals",
        "player": "Kieron Pollard",
        "run": "0",
        "for": "0",
        "six": "0",
        "runrate": "0.00"
    }
]