[
    {
        "team": "Mumbai Indians",
        "oponent": "Chennai Super Kings",
        "player": "Krunal Pandya",
        "run": "3",
        "for": "0",
        "six": "0",
        "runrate": "100.00"
    }
][
    {
        "team": "Mumbai Indians",
        "oponent": "Kolkata Knight Riders",
        "player": "Krunal Pandya",
        "run": "1",
        "for": "0",
        "six": "0",
        "runrate": "33.33"
    }
][
    {
        "team": "Mumbai Indians",
        "oponent": "Delhi Capitals",
        "player": "Krunal Pandya",
        "run": "12",
        "for": "2",
        "six": "0",
        "runrate": "171.43"
    }
][
    {
        "team": "Mumbai Indians",
        "oponent": "Royal Challengers Bangalore",
        "player": "Krunal Pandya",
        "run": "10",
        "for": "1",
        "six": "0",
        "runrate": "100.00"
    }
][
    {
        "team": "Mumbai Indians",
        "oponent": "Delhi Capitals",
        "player": "Krunal Pandya",
        "run": "1",
        "for": "0",
        "six": "0",
        "runrate": "100.00"
    }
][
    {
        "team": "Mumbai Indians",
        "oponent": "Rajasthan Royals",
        "player": "Krunal Pandya",
        "run": "3",
        "for": "0",
        "six": "0",
        "runrate": "75.00"
    }
][
    {
        "team": "Mumbai Indians",
        "oponent": "Chennai Super Kings",
        "player": "Krunal Pandya",
        "run": "3",
        "for": "0",
        "six": "0",
        "runrate": "100.00"
    }
][
    {
        "team": "Mumbai Indians",
        "oponent": "Kings XI Punjab",
        "player": "Krunal Pandya",
        "run": "34",
        "for": "4",
        "six": "1",
        "runrate": "113.33"
    }
][
    {
        "team": "Mumbai Indians",
        "oponent": "Royal Challengers Bangalore",
        "player": "Krunal Pandya",
        "run": "0",
        "for": "0",
        "six": "0",
        "runrate": "0.00"
    }
][
    {
        "team": "Mumbai Indians",
        "oponent": "Rajasthan Royals",
        "player": "Krunal Pandya",
        "run": "12",
        "for": "0",
        "six": "1",
        "runrate": "70.59"
    }
][
    {
        "team": "Mumbai Indians",
        "oponent": "Sunrisers Hyderabad",
        "player": "Krunal Pandya",
        "run": "20",
        "for": "2",
        "six": "2",
        "runrate": "500.00"
    }
][
    {
        "team": "Mumbai Indians",
        "oponent": "Delhi Capitals",
        "player": "Krunal Pandya",
        "run": "13",
        "for": "0",
        "six": "1",
        "runrate": "130.00"
    }
]