[
    {
        "team": "Mumbai Indians",
        "oponant": "Chennai Super Kings",
        "player": "Quinton de Kock",
        "run": "33",
        "for": "5",
        "six": "0",
        "runrate": "165.00"
    }
][
    {
        "team": "Mumbai Indians",
        "oponant": "Kolkata Knight Riders",
        "player": "Quinton de Kock",
        "run": "1",
        "for": "0",
        "six": "0",
        "runrate": "33.33"
    }
][
    {
        "team": "Mumbai Indians",
        "oponant": "Chennai Super Kings",
        "player": "Quinton de Kock",
        "run": "46",
        "for": "5",
        "six": "2",
        "runrate": "124.32"
    }
][
    {
        "team": "Mumbai Indians",
        "oponant": "Delhi Capitals",
        "player": "Quinton de Kock",
        "run": "53",
        "for": "4",
        "six": "3",
        "runrate": "147.22"
    }
][
    {
        "team": "Mumbai Indians",
        "oponant": "Delhi Capitals",
        "player": "Quinton de Kock",
        "run": "26",
        "for": "2",
        "six": "0",
        "runrate": "92.86"
    }
][
    {
        "team": "Mumbai Indians",
        "oponant": "Royal Challengers Bangalore",
        "player": "Quinton de Kock",
        "run": "18",
        "for": "0",
        "six": "1",
        "runrate": "94.74"
    }
][
    {
        "team": "Mumbai Indians",
        "oponant": "Delhi Capitals",
        "player": "Quinton de Kock",
        "run": "20",
        "for": "3",
        "six": "1",
        "runrate": "166.67"
    }
][
    {
        "team": "Mumbai Indians",
        "oponant": "Rajasthan Royals",
        "player": "Quinton de Kock",
        "run": "6",
        "for": "0",
        "six": "1",
        "runrate": "150.00"
    }
][
    {
        "team": "Mumbai Indians",
        "oponant": "Chennai Super Kings",
        "player": "Quinton de Kock",
        "run": "33",
        "for": "5",
        "six": "0",
        "runrate": "165.00"
    }
][
    {
        "team": "Mumbai Indians",
        "oponant": "Kings XI Punjab",
        "player": "Quinton de Kock",
        "run": "53",
        "for": "3",
        "six": "3",
        "runrate": "123.26"
    }
][
    {
        "team": "Mumbai Indians",
        "oponant": "Kings XI Punjab",
        "player": "Quinton de Kock",
        "run": "0",
        "for": "0",
        "six": "0",
        "runrate": "0.00"
    }
][
    {
        "team": "Mumbai Indians",
        "oponant": "Royal Challengers Bangalore",
        "player": "Quinton de Kock",
        "run": "14",
        "for": "1",
        "six": "0",
        "runrate": "93.33"
    }
][
    {
        "team": "Mumbai Indians",
        "oponant": "Rajasthan Royals",
        "player": "Quinton de Kock",
        "run": "23",
        "for": "3",
        "six": "1",
        "runrate": "153.33"
    }
][
    {
        "team": "Mumbai Indians",
        "oponant": "Sunrisers Hyderabad",
        "player": "Quinton de Kock",
        "run": "67",
        "for": "4",
        "six": "4",
        "runrate": "171.79"
    }
][
    {
        "team": "Mumbai Indians",
        "oponant": "Delhi Capitals",
        "player": "Quinton de Kock",
        "run": "40",
        "for": "5",
        "six": "1",
        "runrate": "160.00"
    }
]