[{"team":"Mumbai Indians","opnonat":"Chennai Super Kings","player":"Rohit Sharma","run":"12","for":"2","six":"0","runrate":"120.00"}][{"team":"Mumbai Indians","opnonat":"Kolkata Knight Riders","player":"Rohit Sharma","run":"80","for":"3","six":"6","runrate":"148.15"}][{"team":"Mumbai Indians","opnonat":"Delhi Capitals","player":"Rohit Sharma","run":"5","for":"0","six":"0","runrate":"41.67"}][{"team":"Mumbai Indians","opnonat":"Delhi Capitals","player":"Rohit Sharma","run":"68","for":"5","six":"4","runrate":"133.33"}][{"team":"Mumbai Indians","opnonat":"Chennai Super Kings","player":"Rohit Sharma","run":"12","for":"2","six":"0","runrate":"120.00"}][{"team":"Mumbai Indians","opnonat":"Kings XI Punjab","player":"Rohit Sharma","run":"9","for":"2","six":"0","runrate":"112.50"}][{"team":"Mumbai Indians","opnonat":"Kings XI Punjab","player":"Rohit Sharma","run":"70","for":"8","six":"3","runrate":"155.56"}][{"team":"Mumbai Indians","opnonat":"Royal Challengers Bangalore","player":"Rohit Sharma","run":"8","for":"0","six":"1","runrate":"100.00"}][{"team":"Mumbai Indians","opnonat":"Rajasthan Royals","player":"Rohit Sharma","run":"35","for":"2","six":"3","runrate":"152.17"}][{"team":"Mumbai Indians","opnonat":"Sunrisers Hyderabad","player":"Rohit Sharma","run":"6","for":"0","six":"1","runrate":"120.00"}][{"team":"Mumbai Indians","opnonat":"Delhi Capitals","player":"Rohit Sharma","run":"0","for":"0","six":"0","runrate":"0.00"}]