[{"team":"Mumbai Indians","oponent":"Chennai Super Kings","player":"Saurabh Tiwary","run":"42","for":"3","six":"1","runrate":"135.48"}][{"team":"Mumbai Indians","oponent":"Kolkata Knight Riders","player":"Saurabh Tiwary","run":"21","for":"1","six":"1","runrate":"161.54"}][{"team":"Mumbai Indians","oponent":"Royal Challengers Bangalore","player":"Saurabh Tiwary","run":"5","for":"0","six":"0","runrate":"62.50"}][{"team":"Mumbai Indians","oponent":"Rajasthan Royals","player":"Saurabh Tiwary","run":"34","for":"4","six":"1","runrate":"136.00"}][{"team":"Mumbai Indians","oponent":"Chennai Super Kings","player":"Saurabh Tiwary","run":"42","for":"3","six":"1","runrate":"135.48"}]