[{"team":"Mumbai Indians","oponent":"Chennai Super Kings","player":"Suryakumar Yadav","run":"17","for":"2","six":"0","runrate":"106.25"}][{"team":"Mumbai Indians","oponent":"Kolkata Knight Riders","player":"Suryakumar Yadav","run":"47","for":"6","six":"1","runrate":"167.86"}][{"team":"Mumbai Indians","oponent":"Delhi Capitals","player":"Suryakumar Yadav","run":"53","for":"6","six":"1","runrate":"165.63"}][{"team":"Mumbai Indians","oponent":"Delhi Capitals","player":"Suryakumar Yadav","run":"12","for":"1","six":"0","runrate":"109.09"}][{"team":"Mumbai Indians","oponent":"Royal Challengers Bangalore","player":"Suryakumar Yadav","run":"79","for":"10","six":"3","runrate":"183.72"}][{"team":"Mumbai Indians","oponent":"Delhi Capitals","player":"Suryakumar Yadav","run":"19","for":"1","six":"1","runrate":"95.00"}][{"team":"Mumbai Indians","oponent":"Rajasthan Royals","player":"Suryakumar Yadav","run":"40","for":"4","six":"1","runrate":"153.85"}][{"team":"Mumbai Indians","oponent":"Chennai Super Kings","player":"Suryakumar Yadav","run":"17","for":"2","six":"0","runrate":"106.25"}][{"team":"Mumbai Indians","oponent":"Kings XI Punjab","player":"Suryakumar Yadav","run":"0","for":"0","six":"0","runrate":"0.00"}][{"team":"Mumbai Indians","oponent":"Kings XI Punjab","player":"Suryakumar Yadav","run":"10","for":"2","six":"0","runrate":"142.86"}][{"team":"Mumbai Indians","oponent":"Royal Challengers Bangalore","player":"Suryakumar Yadav","run":"0","for":"0","six":"0","runrate":"0.00"}][{"team":"Mumbai Indians","oponent":"Rajasthan Royals","player":"Suryakumar Yadav","run":"79","for":"11","six":"2","runrate":"168.09"}][{"team":"Mumbai Indians","oponent":"Sunrisers Hyderabad","player":"Suryakumar Yadav","run":"27","for":"6","six":"0","runrate":"150.00"}][{"team":"Mumbai Indians","oponent":"Delhi Capitals","player":"Suryakumar Yadav","run":"51","for":"6","six":"2","runrate":"134.21"}]