[{"team":"Rajasthan Royals","oponent":"Kolkata Knight Riders","player":"Ben Stokes","run":"18","for":"2","six":"1","runrate":"163.64"}][{"team":"Rajasthan Royals","oponent":"Royal Challengers Bangalore","player":"Ben Stokes","run":"15","for":"2","six":"0","runrate":"78.95"}][{"team":"Rajasthan Royals","oponent":"Delhi Capitals","player":"Ben Stokes","run":"41","for":"6","six":"0","runrate":"117.14"}][{"team":"Rajasthan Royals","oponent":"Kings XI Punjab","player":"Ben Stokes","run":"50","for":"6","six":"3","runrate":"192.31"}][{"team":"Rajasthan Royals","oponent":"Kolkata Knight Riders","player":"Ben Stokes","run":"18","for":"2","six":"1","runrate":"163.64"}][{"team":"Rajasthan Royals","oponent":"Chennai Super Kings","player":"Ben Stokes","run":"19","for":"3","six":"0","runrate":"172.73"}][{"team":"Rajasthan Royals","oponent":"Mumbai Indians","player":"Ben Stokes","run":"107","for":"14","six":"3","runrate":"178.33"}][{"team":"Rajasthan Royals","oponent":"Sunrisers Hyderabad","player":"Ben Stokes","run":"30","for":"2","six":"0","runrate":"93.75"}][{"team":"Rajasthan Royals","oponent":"Sunrisers Hyderabad","player":"Ben Stokes","run":"5","for":"1","six":"0","runrate":"83.33"}]