[{"team":"Rajasthan Royals","oponent":"Kolkata Knight Riders","player":"Jofra Archer","run":"6","for":"0","six":"0","runrate":"66.67"}][{"team":"Rajasthan Royals","oponent":"Royal Challengers Bangalore","player":"Jofra Archer","run":"2","for":"0","six":"0","runrate":"66.67"}][{"team":"Rajasthan Royals","oponent":"Delhi Capitals","player":"Jofra Archer","run":"1","for":"0","six":"0","runrate":"25.00"}][{"team":"Rajasthan Royals","oponent":"Kolkata Knight Riders","player":"Jofra Archer","run":"6","for":"0","six":"0","runrate":"66.67"}][{"team":"Rajasthan Royals","oponent":"Sunrisers Hyderabad","player":"Jofra Archer","run":"16","for":"1","six":"1","runrate":"228.57"}][{"team":"Rajasthan Royals","oponent":"Mumbai Indians","player":"Jofra Archer","run":"24","for":"3","six":"1","runrate":"218.18"}][{"team":"Rajasthan Royals","oponent":"Royal Challengers Bangalore","player":"Jofra Archer","run":"16","for":"1","six":"1","runrate":"160.00"}][{"team":"Rajasthan Royals","oponent":"Kings XI Punjab","player":"Jofra Archer","run":"13","for":"0","six":"2","runrate":"433.33"}][{"team":"Rajasthan Royals","oponent":"Kolkata Knight Riders","player":"Jofra Archer","run":"6","for":"0","six":"1","runrate":"150.00"}][{"team":"Rajasthan Royals","oponent":"Delhi Capitals","player":"Jofra Archer","run":"2","for":"0","six":"0","runrate":"50.00"}][{"team":"Rajasthan Royals","oponent":"Chennai Super Kings","player":"Jofra Archer","run":"27","for":"0","six":"4","runrate":"337.50"}]