[{"team":"Rajasthan Royals","oponent":"Kolkata Knight Riders","player":"Jos Buttler","run":"35","for":"4","six":"1","runrate":"159.09"}][{"team":"Rajasthan Royals","oponent":"Royal Challengers Bangalore","player":"Jos Buttler","run":"24","for":"1","six":"1","runrate":"96.00"}][{"team":"Rajasthan Royals","oponant":"Delhi Capitals","player":"Jos Buttler","run":"22","for":"3","six":"1","runrate":"244.44"}][{"team":"Rajasthan Royals","oponent":"Kings XI Punjab","player":"Jos Buttler","run":"22","for":"1","six":"2","runrate":"200.00"}][{"team":"Rajasthan Royals","oponent":"Kolkata Knight Riders","player":"Jos Buttler","run":"35","for":"4","six":"1","runrate":"159.09"}][{"team":"Rajasthan Royals","oponent":"Chennai Super Kings","player":"Jos Buttler","run":"70","for":"7","six":"2","runrate":"145.83"}][{"team":"Rajasthan Royals","oponent":"Sunrisers Hyderabad","player":"Jos Buttler","run":"9","for":"0","six":"0","runrate":"75.00"}][{"team":"Rajasthan Royals","oponant":"Sunrisers Hyderabad","player":"Jos Buttler","run":"16","for":"1","six":"1","runrate":"123.08"}][{"team":"Rajasthan Royals","oponant":"Mumbai Indians","player":"Jos Buttler","run":"70","for":"4","six":"5","runrate":"159.09"}][{"team":"Rajasthan Royals","oponant":"Royal Challengers Bangalore","player":"Jos Buttler","run":"22","for":"3","six":"1","runrate":"183.33"}][{"team":"Rajasthan Royals","oponant":"Kings XI Punjab","player":"Jos Buttler","run":"4","for":"0","six":"0","runrate":"57.14"}][{"team":"Rajasthan Royals","oponant":"Kolkata Knight Riders","player":"Jos Buttler","run":"21","for":"1","six":"2","runrate":"131.25"}][{"team":"Rajasthan Royals","oponant":"Delhi Capitals","player":"Jos Buttler","run":"13","for":"2","six":"0","runrate":"162.50"}]