[{"team":"Rajasthan Royals","oponent":"Kolkata Knight Riders","player":"Kartik Tyagi","run":"2","for":"0","six":"0","runrate":"66.67"}][{"team":"Rajasthan Royals","oponent":"Kolkata Knight Riders","player":"Kartik Tyagi","run":"2","for":"0","six":"0","runrate":"66.67"}][{"team":"Rajasthan Royals","oponent":"Mumbai Indians","player":"Kartik Tyagi","run":"0","for":"0","six":"0","runrate":"0.00"}][{"team":"Rajasthan Royals","oponent":"Delhi Capitals","player":"Kartik Tyagi","run":"2","for":"0","six":"0","runrate":"66.67"}]