[{"team":"Rajasthan Royals","oponent":"Royal Challengers Bangalore","player":"Mahipal Lomror","run":"47","for":"1","six":"3","runrate":"120.51"}][{"team":"Rajasthan Royals","oponent":"Mumbai Indians","player":"Mahipal Lomror","run":"11","for":"1","six":"0","runrate":"84.62"}][{"team":"Rajasthan Royals","oponent":"Royal Challengers Bangalore","player":"Mahipal Lomror","run":"47","for":"1","six":"3","runrate":"120.51"}][{"team":"Rajasthan Royals","oponent":"Delhi Capitals","player":"Mahipal Lomror","run":"1","for":"0","six":"0","runrate":"50.00"}]