[{"team":"Rajasthan Royals","oponent":"Kolkata Knight Riders","player":"Rahul Tewatia","run":"31","for":"2","six":"1","runrate":"114.81"}][{"team":"Rajasthan Royals","oponent":"Royal Challengers Bangalore","player":"Rahul Tewatia","run":"19","for":"1","six":"1","runrate":"172.73"}][{"team":"Rajasthan Royals","oponent":"Delhi Capitals","player":"Rahul Tewatia","run":"14","for":"1","six":"0","runrate":"77.78"}][{"team":"Rajasthan Royals","oponent":"Kolkata Knight Riders","player":"Rahul Tewatia","run":"31","for":"2","six":"1","runrate":"114.81"}][{"team":"Rajasthan Royals","oponent":"Sunrisers Hyderabad","player":"Rahul Tewatia","run":"2","for":"0","six":"0","runrate":"66.67"}][{"team":"Rajasthan Royals","oponent":"Sunrisers Hyderabad","player":"Rahul Tewatia","run":"45","for":"4","six":"2","runrate":"160.71"}][{"team":"Rajasthan Royals","oponent":"Mumbai Indians","player":"Rahul Tewatia","run":"5","for":"1","six":"0","runrate":"83.33"}][{"team":"Rajasthan Royals","oponent":"Royal Challengers Bangalore","player":"Rahul Tewatia","run":"24","for":"0","six":"3","runrate":"200.00"}][{"team":"Rajasthan Royals","oponent":"Kings XI Punjab","player":"Rahul Tewatia","run":"53","for":"0","six":"7","runrate":"170.97"}][{"team":"Rajasthan Royals","oponent":"Kolkata Knight Riders","player":"Rahul Tewatia","run":"14","for":"0","six":"1","runrate":"140.00"}][{"team":"Rajasthan Royals","oponent":"Delhi Capitals","player":"Rahul Tewatia","run":"38","for":"3","six":"2","runrate":"131.03"}][{"team":"Rajasthan Royals","oponent":"Chennai Super Kings","player":"Rahul Tewatia","run":"10","for":"1","six":"0","runrate":"125.00"}]