[{"team":"Rajasthan Royals","oponent":"Kolkata Knight Riders","player":"Riyan Parag","run":"0","for":"0","six":"0","runrate":"0.00"}][{"team":"Rajasthan Royals","oponent":"Delhi Capitals","player":"Riyan Parag","run":"1","for":"0","six":"0","runrate":"50.00"}][{"team":"Rajasthan Royals","oponent":"Kolkata Knight Riders","player":"Riyan Parag","run":"0","for":"0","six":"0","runrate":"0.00"}][{"team":"Rajasthan Royals","oponent":"Sunrisers Hyderabad","player":"Riyan Parag","run":"20","for":"2","six":"1","runrate":"166.67"}][{"team":"Rajasthan Royals","oponent":"Sunrisers Hyderabad","player":"Riyan Parag","run":"42","for":"2","six":"2","runrate":"161.54"}][{"team":"Rajasthan Royals","oponent":"Royal Challengers Bangalore","player":"Riyan Parag","run":"16","for":"1","six":"0","runrate":"88.89"}][{"team":"Rajasthan Royals","oponent":"Kings XI Punjab","player":"Riyan Parag","run":"0","for":"0","six":"0","runrate":"0.00"}][{"team":"Rajasthan Royals","oponent":"Kolkata Knight Riders","player":"Riyan Parag","run":"1","for":"0","six":"0","runrate":"16.67"}][{"team":"Rajasthan Royals","oponent":"Chennai Super Kings","player":"Riyan Parag","run":"6","for":"1","six":"0","runrate":"150.00"}]