[{"team":"Rajasthan Royals","oponent":"Kolkata Knight Riders","player":"Robin Uthappa","run":"6","for":"0","six":"1","runrate":"300.00"}][{"team":"Rajasthan Royals","oponent":"Royal Challengers Bangalore","player":"Robin Uthappa","run":"41","for":"7","six":"1","runrate":"186.36"}][{"team":"Rajasthan Royals","oponent":"Delhi Capitals","player":"Robin Uthappa","run":"32","for":"3","six":"1","runrate":"118.52"}][{"team":"Rajasthan Royals","oponent":"Kings XI Punjab","player":"Robin Uthappa","run":"30","for":"1","six":"2","runrate":"130.43"}][{"team":"Rajasthan Royals","oponent":"Kolkata Knight Riders","player":"Robin Uthappa","run":"6","for":"0","six":"1","runrate":"300.00"}][{"team":"Rajasthan Royals","oponent":"Chennai Super Kings","player":"Robin Uthappa","run":"4","for":"0","six":"0","runrate":"44.44"}][{"team":"Rajasthan Royals","oponent":"Mumbai Indians","player":"Robin Uthappa","run":"13","for":"2","six":"0","runrate":"118.18"}][{"team":"Rajasthan Royals","oponent":"Sunrisers Hyderabad","player":"Robin Uthappa","run":"19","for":"2","six":"1","runrate":"146.15"}][{"team":"Rajasthan Royals","oponent":"Sunrisers Hyderabad","player":"Robin Uthappa","run":"18","for":"1","six":"1","runrate":"120.00"}][{"team":"Rajasthan Royals","oponent":"Royal Challengers Bangalore","player":"Robin Uthappa","run":"17","for":"1","six":"0","runrate":"77.27"}][{"team":"Rajasthan Royals","oponent":"Kings XI Punjab","player":"Robin Uthappa","run":"9","for":"2","six":"0","runrate":"225.00"}][{"team":"Rajasthan Royals","oponent":"Kolkata Knight Riders","player":"Robin Uthappa","run":"2","for":"0","six":"0","runrate":"28.57"}][{"team":"Rajasthan Royals","oponent":"Chennai Super Kings","player":"Robin Uthappa","run":"5","for":"0","six":"0","runrate":"55.56"}]