[{"team":"Rajasthan Royals","oponant":"Kolkata Knight Riders","player":"Sanju Samson","run":"1","for":"0","six":"0","runrate":"25.00"}][{"team":"Rajasthan Royals","oponant":"Royal Challengers Bangalore","player":"Sanju Samson","run":"9","for":"0","six":"1","runrate":"150.00"}][{"team":"Rajasthan Royals","oponent":"Delhi Capitals","player":"Sanju Samson","run":"25","for":"0","six":"2","runrate":"138.89"}][{"team":"Rajasthan Royals","oponant":"Kings XI Punjab","player":"Sanju Samson","run":"48","for":"4","six":"3","runrate":"192.00"}][{"team":"Rajasthan Royals","oponant":"Kolkata Knight Riders","player":"Sanju Samson","run":"1","for":"0","six":"0","runrate":"25.00"}][{"team":"Rajasthan Royals","oponant":"Chennai Super Kings","player":"Sanju Samson","run":"0","for":"0","six":"0","runrate":"0.00"}][{"team":"Rajasthan Royals","oponant":"Mumbai Indians","player":"Sanju Samson","run":"54","for":"4","six":"3","runrate":"174.19"}][{"team":"Rajasthan Royals","oponant":"Sunrisers Hyderabad","player":"Sanju Samson","run":"36","for":"3","six":"1","runrate":"138.46"}][{"team":"Rajasthan Royals","oponent":"Sunrisers Hyderabad","player":"Sanju Samson","run":"26","for":"3","six":"0","runrate":"104.00"}][{"team":"Rajasthan Royals","oponent":"Mumbai Indians","player":"Sanju Samson","run":"0","for":"0","six":"0","runrate":"0.00"}][{"team":"Rajasthan Royals","oponent":"Royal Challengers Bangalore","player":"Sanju Samson","run":"4","for":"1","six":"0","runrate":"133.33"}][{"team":"Rajasthan Royals","oponent":"Kings XI Punjab","player":"Sanju Samson","run":"85","for":"4","six":"7","runrate":"202.38"}][{"team":"Rajasthan Royals","oponent":"Kolkata Knight Riders","player":"Sanju Samson","run":"8","for":"1","six":"0","runrate":"88.89"}][{"team":"Rajasthan Royals","oponent":"Delhi Capitals","player":"Sanju Samson","run":"5","for":"0","six":"0","runrate":"55.56"}][{"team":"Rajasthan Royals","oponant":"Chennai Super Kings","player":"Sanju Samson","run":"74","for":"1","six":"9","runrate":"231.25"}]