[{"team":"Rajasthan Royals","oponent":"Kolkata Knight Riders","player":"Shreyas Gopal","run":"23","for":"2","six":"0","runrate":"100.00"}][{"team":"Rajasthan Royals","oponent":"Delhi Capitals","player":"Shreyas Gopal","run":"6","for":"1","six":"0","runrate":"150.00"}][{"team":"Rajasthan Royals","oponent":"Kolkata Knight Riders","player":"Shreyas Gopal","run":"23","for":"2","six":"0","runrate":"100.00"}][{"team":"Rajasthan Royals","oponent":"Mumbai Indians","player":"Shreyas Gopal","run":"1","for":"0","six":"0","runrate":"50.00"}][{"team":"Rajasthan Royals","oponent":"Kolkata Knight Riders","player":"Shreyas Gopal","run":"5","for":"0","six":"0","runrate":"71.43"}][{"team":"Rajasthan Royals","oponent":"Delhi Capitals","player":"Shreyas Gopal","run":"2","for":"0","six":"0","runrate":"66.67"}]