[{"team":"Rajasthan Royals","opnonat":"Kolkata Knight Riders","player":"Steven Smith","run":"4","for":"1","six":"0","runrate":"100.00"}][{"team":"Rajasthan Royals","opnonat":"Royal Challengers Bangalore","player":"Steven Smith","run":"57","for":"6","six":"1","runrate":"158.33"}][{"team":"Rajasthan Royals","opnonat":"Delhi Capitals","player":"Steven Smith","run":"1","for":"0","six":"0","runrate":"25.00"}][{"team":"Rajasthan Royals","opnonat":"Kings XI Punjab","player":"Steven Smith","run":"31","for":"5","six":"0","runrate":"155.00"}][{"team":"Rajasthan Royals","opnonat":"Kolkata Knight Riders","player":"Steven Smith","run":"4","for":"1","six":"0","runrate":"100.00"}][{"team":"Rajasthan Royals","opnonat":"Chennai Super Kings","player":"Steven Smith","run":"26","for":"2","six":"0","runrate":"76.47"}][{"team":"Rajasthan Royals","opnonat":"Mumbai Indians","player":"Steven Smith","run":"11","for":"1","six":"1","runrate":"137.50"}][{"team":"Rajasthan Royals","opnonat":"Sunrisers Hyderabad","player":"Steven Smith","run":"19","for":"2","six":"0","runrate":"126.67"}][{"team":"Rajasthan Royals","opnonat":"Sunrisers Hyderabad","player":"Steven Smith","run":"5","for":"0","six":"0","runrate":"83.33"}][{"team":"Rajasthan Royals","opnonat":"Mumbai Indians","player":"Steven Smith","run":"6","for":"1","six":"0","runrate":"85.71"}][{"team":"Rajasthan Royals","opnonat":"Royal Challengers Bangalore","player":"Steven Smith","run":"5","for":"1","six":"0","runrate":"100.00"}][{"team":"Rajasthan Royals","opnonat":"Kings XI Punjab","player":"Steven Smith","run":"50","for":"7","six":"2","runrate":"185.19"}][{"team":"Rajasthan Royals","opnonat":"Kolkata Knight Riders","player":"Steven Smith","run":"3","for":"0","six":"0","runrate":"42.86"}][{"team":"Rajasthan Royals","opnonat":"Delhi Capitals","player":"Steven Smith","run":"24","for":"2","six":"1","runrate":"141.18"}][{"team":"Rajasthan Royals","opnonat":"Chennai Super Kings","player":"Steven Smith","run":"69","for":"4","six":"4","runrate":"146.81"}]