[{"team":"Rajasthan Royals","oponent":"Kolkata Knight Riders","player":"Tom Curran","run":"54","for":"2","six":"3","runrate":"150.00"}][{"team":"Rajasthan Royals","oponent":"Mumbai Indians","player":"Tom Curran","run":"15","for":"1","six":"0","runrate":"93.75"}][{"team":"Rajasthan Royals","oponent":"Kings XI Punjab","player":"Tom Curran","run":"4","for":"1","six":"0","runrate":"400.00"}][{"team":"Rajasthan Royals","oponent":"Kolkata Knight Riders","player":"Tom Curran","run":"54","for":"2","six":"3","runrate":"150.00"}][{"team":"Rajasthan Royals","oponent":"Chennai Super Kings","player":"Tom Curran","run":"10","for":"1","six":"0","runrate":"111.11"}]