[{"team":"Rajasthan Royals","oponent":"Chennai Super Kings","player":"Yashasvi Jaiswal","run":"6","for":"1","six":"0","runrate":"100.00"}][{"team":"Rajasthan Royals","oponent":"Mumbai Indians","player":"Yashasvi Jaiswal","run":"0","for":"0","six":"0","runrate":"0.00"}][{"team":"Rajasthan Royals","oponent":"Delhi Capitals","player":"Yashasvi Jaiswal","run":"34","for":"1","six":"2","runrate":"94.44"}][{"team":"Rajasthan Royals","oponent":"Chennai Super Kings","player":"Yashasvi Jaiswal","run":"6","for":"1","six":"0","runrate":"100.00"}]