[{"team":"Chennai Super Kings","oponent":"Delhi Capitals","player":"Ambati Rayudu","run":"45","for":"1","six":"4","runrate":"180.00"}][{"team":"Chennai Super Kings","oponent":"Mumbai Indians","player":"Ambati Rayudu","run":"2","for":"0","six":"0","runrate":"66.67"}][{"team":"Chennai Super Kings","oponent":"Royal Challengers Bangalore","player":"Ambati Rayudu","run":"39","for":"3","six":"2","runrate":"144.44"}][{"team":"Chennai Super Kings","oponent":"Rajasthan Royals","player":"Ambati Rayudu","run":"13","for":"2","six":"0","runrate":"68.42"}][{"team":"Chennai Super Kings","oponent":"Mumbai Indians","player":"Ambati Rayudu","run":"71","for":"6","six":"3","runrate":"147.92"}][{"team":"Chennai Super Kings","oponent":"Kolkata Knight Riders","player":"Ambati Rayudu","run":"38","for":"5","six":"1","runrate":"190.00"}][{"team":"Chennai Super Kings","oponent":"Sunrisers Hyderabad","player":"Ambati Rayudu","run":"41","for":"3","six":"2","runrate":"120.59"}][{"team":"Chennai Super Kings","oponent":"Delhi Capitals","player":"Ambati Rayudu","run":"45","for":"1","six":"4","runrate":"180.00"}][{"team":"Chennai Super Kings","oponent":"Kings XI Punjab","player":"Ambati Rayudu","run":"30","for":"2","six":"0","runrate":"100.00"}][{"team":"Chennai Super Kings","oponent":"Kolkata Knight Riders","player":"Ambati Rayudu","run":"30","for":"3","six":"0","runrate":"111.11"}][{"team":"Chennai Super Kings","oponent":"Royal Challengers Bangalore","player":"Ambati Rayudu","run":"42","for":"4","six":"0","runrate":"105.00"}][{"team":"Chennai Super Kings","oponent":"Sunrisers Hyderabad","player":"Ambati Rayudu","run":"8","for":"1","six":"0","runrate":"88.89"}]