[{"team":"Chennai Super Kings","oponent":"Royal Challengers Bangalore","player":"Deepak Chahar","run":"5","for":"0","six":"0","runrate":"100.00"}][{"team":"Chennai Super Kings","oponent":"Mumbai Indians","player":"Deepak Chahar","run":"0","for":"0","six":"0","runrate":"0.00"}][{"team":"Chennai Super Kings","oponent":"Sunrisers Hyderabad","player":"Deepak Chahar","run":"2","for":"0","six":"0","runrate":"100.00"}][{"team":"Chennai Super Kings","oponent":"Royal Challengers Bangalore","player":"Deepak Chahar","run":"5","for":"0","six":"0","runrate":"100.00"}]