[{"team":"Chennai Super Kings","oponent":"Delhi Capitals","player":"Faf du Plessis","run":"58","for":"6","six":"2","runrate":"123.40"}][{"team":"Chennai Super Kings","oponent":"Mumbai Indians","player":"Faf du Plessis","run":"1","for":"0","six":"0","runrate":"14.29"}][{"team":"Chennai Super Kings","oponent":"Royal Challengers Bangalore","player":"Faf du Plessis","run":"25","for":"2","six":"2","runrate":"192.31"}][{"team":"Chennai Super Kings","oponent":"Rajasthan Royals","player":"Faf du Plessis","run":"10","for":"1","six":"0","runrate":"111.11"}][{"team":"Chennai Super Kings","oponent":"Mumbai Indians","player":"Faf du Plessis","run":"58","for":"6","six":"0","runrate":"131.82"}][{"team":"Chennai Super Kings","oponent":"Sunrisers Hyderabad","player":"Faf du Plessis","run":"0","for":"0","six":"0","runrate":"0.00"}][{"team":"Chennai Super Kings","oponent":"Delhi Capitals","player":"Faf du Plessis","run":"43","for":"4","six":"0","runrate":"122.86"}][{"team":"Chennai Super Kings","oponent":"Delhi Capitals","player":"Faf du Plessis","run":"58","for":"6","six":"2","runrate":"123.40"}][{"team":"Chennai Super Kings","oponent":"Kings XI Punjab","player":"Faf du Plessis","run":"48","for":"4","six":"2","runrate":"141.18"}][{"team":"Chennai Super Kings","oponent":"Kings XI Punjab","player":"Faf du Plessis","run":"87","for":"11","six":"1","runrate":"164.15"}][{"team":"Chennai Super Kings","oponent":"Kolkata Knight Riders","player":"Faf du Plessis","run":"17","for":"3","six":"0","runrate":"170.00"}][{"team":"Chennai Super Kings","oponent":"Royal Challengers Bangalore","player":"Faf du Plessis","run":"8","for":"0","six":"0","runrate":"80.00"}][{"team":"Chennai Super Kings","oponent":"Rajasthan Royals","player":"Faf du Plessis","run":"72","for":"1","six":"7","runrate":"194.59"}][{"team":"Chennai Super Kings","oponent":"Sunrisers Hyderabad","player":"Faf du Plessis","run":"22","for":"4","six":"0","runrate":"115.79"}]