[{"team":"Chennai Super Kings","oponent":"Sunrisers Hyderabad","player":"Kedar Jadhav","run":"3","for":"0","six":"0","runrate":"30.00"}][{"team":"Chennai Super Kings","oponent":"Rajasthan Royals","player":"Kedar Jadhav","run":"4","for":"0","six":"0","runrate":"57.14"}][{"team":"Chennai Super Kings","oponent":"Delhi Capitals","player":"Kedar Jadhav","run":"26","for":"3","six":"0","runrate":"123.81"}][{"team":"Chennai Super Kings","oponent":"Kolkata Knight Riders","player":"Kedar Jadhav","run":"7","for":"1","six":"0","runrate":"58.33"}][{"team":"Chennai Super Kings","oponent":"Rajasthan Royals","player":"Kedar Jadhav","run":"22","for":"3","six":"0","runrate":"137.50"}][{"team":"Chennai Super Kings","oponent":"Sunrisers Hyderabad","player":"Kedar Jadhav","run":"3","for":"0","six":"0","runrate":"30.00"}]