[{"team":"Chennai Super Kings","oponant":"Delhi Capitals","player":"MS Dhoni","run":"3","for":"0","six":"0","runrate":"60.00"}][{"team":"Chennai Super Kings","oponant":"Mumbai Indians","player":"MS Dhoni","run":"16","for":"2","six":"1","runrate":"100.00"}][{"team":"Chennai Super Kings","oponant":"Royal Challengers Bangalore","player":"MS Dhoni","run":"19","for":"3","six":"0","runrate":"90.48"}][{"team":"Chennai Super Kings","oponant":"Rajasthan Royals","player":"MS Dhoni","run":"28","for":"2","six":"0","runrate":"100.00"}][{"team":"Chennai Super Kings","oponant":"Mumbai Indians","player":"MS Dhoni","run":"0","for":"0","six":"0","runrate":"0.00"}][{"team":"Chennai Super Kings","oponant":"Kolkata Knight Riders","player":"MS Dhoni","run":"1","for":"0","six":"0","runrate":"25.00"}][{"team":"Chennai Super Kings","oponant":"Sunrisers Hyderabad","player":"MS Dhoni","run":"21","for":"2","six":"1","runrate":"161.54"}][{"team":"Chennai Super Kings","oponant":"Delhi Capitals","player":"MS Dhoni","run":"15","for":"2","six":"0","runrate":"125.00"}][{"team":"Chennai Super Kings","oponant":"Delhi Capitals","player":"MS Dhoni","run":"3","for":"0","six":"0","runrate":"60.00"}][{"team":"Chennai Super Kings","oponant":"Kolkata Knight Riders","player":"MS Dhoni","run":"11","for":"1","six":"0","runrate":"91.67"}][{"team":"Chennai Super Kings","oponant":"Royal Challengers Bangalore","player":"MS Dhoni","run":"10","for":"0","six":"1","runrate":"166.67"}][{"team":"Chennai Super Kings","oponant":"Rajasthan Royals","player":"MS Dhoni","run":"29","for":"0","six":"3","runrate":"170.59"}][{"team":"Chennai Super Kings","oponant":"Sunrisers Hyderabad","player":"MS Dhoni","run":"47","for":"4","six":"1","runrate":"130.56"}]