[{"team":"Chennai Super Kings","oponent":"Mumbai Indians","player":"Murali Vijay","run":"1","for":"0","six":"0","runrate":"14.29"}][{"team":"Chennai Super Kings","oponent":"Mumbai Indians","player":"Murali Vijay","run":"1","for":"0","six":"0","runrate":"14.29"}][{"team":"Chennai Super Kings","oponent":"Delhi Capitals","player":"Murali Vijay","run":"10","for":"1","six":"0","runrate":"66.67"}][{"team":"Chennai Super Kings","oponent":"Rajasthan Royals","player":"Murali Vijay","run":"21","for":"3","six":"0","runrate":"100.00"}]