[{"team":"Chennai Super Kings","oponent":"Delhi Capitals","player":"Ravindra Jadeja","run":"33","for":"0","six":"4","runrate":"253.85"}][{"team":"Chennai Super Kings","oponent":"Mumbai Indians","player":"Ravindra Jadeja","run":"7","for":"1","six":"0","runrate":"116.67"}][{"team":"Chennai Super Kings","oponent":"Rajasthan Royals","player":"Ravindra Jadeja","run":"35","for":"4","six":"0","runrate":"116.67"}][{"team":"Chennai Super Kings","oponent":"Mumbai Indians","player":"Ravindra Jadeja","run":"10","for":"2","six":"0","runrate":"200.00"}][{"team":"Chennai Super Kings","oponent":"Kolkata Knight Riders","player":"Ravindra Jadeja","run":"31","for":"2","six":"3","runrate":"281.82"}][{"team":"Chennai Super Kings","oponent":"Sunrisers Hyderabad","player":"Ravindra Jadeja","run":"25","for":"3","six":"1","runrate":"250.00"}][{"team":"Chennai Super Kings","oponent":"Delhi Capitals","player":"Ravindra Jadeja","run":"12","for":"1","six":"0","runrate":"133.33"}][{"team":"Chennai Super Kings","oponent":"Delhi Capitals","player":"Ravindra Jadeja","run":"33","for":"0","six":"4","runrate":"253.85"}][{"team":"Chennai Super Kings","oponent":"Kolkata Knight Riders","player":"Ravindra Jadeja","run":"21","for":"3","six":"1","runrate":"262.50"}][{"team":"Chennai Super Kings","oponent":"Royal Challengers Bangalore","player":"Ravindra Jadeja","run":"7","for":"1","six":"0","runrate":"116.67"}][{"team":"Chennai Super Kings","oponent":"Rajasthan Royals","player":"Ravindra Jadeja","run":"1","for":"0","six":"0","runrate":"50.00"}][{"team":"Chennai Super Kings","oponent":"Sunrisers Hyderabad","player":"Ravindra Jadeja","run":"50","for":"5","six":"2","runrate":"142.86"}]