[{"team":"Chennai Super Kings","oponent":"Kolkata Knight Riders","player":"Ruturaj Gaikwad","run":"72","for":"6","six":"2","runrate":"135.85"}][{"team":"Chennai Super Kings","oponent":"Mumbai Indians","player":"Ruturaj Gaikwad","run":"0","for":"0","six":"0","runrate":"0.00"}][{"team":"Chennai Super Kings","oponent":"Royal Challengers Bangalore","player":"Ruturaj Gaikwad","run":"65","for":"4","six":"3","runrate":"127.45"}][{"team":"Chennai Super Kings","oponent":"Kolkata Knight Riders","player":"Ruturaj Gaikwad","run":"72","for":"6","six":"2","runrate":"135.85"}][{"team":"Chennai Super Kings","oponent":"Delhi Capitals","player":"Ruturaj Gaikwad","run":"5","for":"0","six":"0","runrate":"50.00"}][{"team":"Chennai Super Kings","oponent":"Kings XI Punjab","player":"Ruturaj Gaikwad","run":"62","for":"6","six":"1","runrate":"126.53"}][{"team":"Chennai Super Kings","oponent":"Rajasthan Royals","player":"Ruturaj Gaikwad","run":"0","for":"0","six":"0","runrate":"0.00"}]