[{"team":"Chennai Super Kings","oponent":"Delhi Capitals","player":"Sam Curran","run":"0","for":"0","six":"0","runrate":"0.00"}][{"team":"Chennai Super Kings","oponent":"Mumbai Indians","player":"Sam Curran","run":"52","for":"4","six":"2","runrate":"110.64"}][{"team":"Chennai Super Kings","oponent":"Rajasthan Royals","player":"Sam Curran","run":"22","for":"1","six":"1","runrate":"88.00"}][{"team":"Chennai Super Kings","oponent":"Mumbai Indians","player":"Sam Curran","run":"18","for":"1","six":"2","runrate":"300.00"}][{"team":"Chennai Super Kings","oponent":"Kolkata Knight Riders","player":"Sam Curran","run":"13","for":"1","six":"0","runrate":"92.86"}][{"team":"Chennai Super Kings","oponent":"Sunrisers Hyderabad","player":"Sam Curran","run":"31","for":"3","six":"2","runrate":"147.62"}][{"team":"Chennai Super Kings","oponent":"Delhi Capitals","player":"Sam Curran","run":"1","for":"0","six":"0","runrate":"50.00"}][{"team":"Chennai Super Kings","oponent":"Delhi Capitals","player":"Sam Curran","run":"0","for":"0","six":"0","runrate":"0.00"}][{"team":"Chennai Super Kings","oponent":"Kolkata Knight Riders","player":"Sam Curran","run":"17","for":"1","six":"1","runrate":"154.55"}][{"team":"Chennai Super Kings","oponent":"Royal Challengers Bangalore","player":"Sam Curran","run":"0","for":"0","six":"0","runrate":"0.00"}][{"team":"Chennai Super Kings","oponent":"Rajasthan Royals","player":"Sam Curran","run":"17","for":"1","six":"2","runrate":"283.33"}][{"team":"Chennai Super Kings","oponent":"Sunrisers Hyderabad","player":"Sam Curran","run":"15","for":"0","six":"2","runrate":"300.00"}]