[{"team":"Chennai Super Kings","oponent":"Delhi Capitals","player":"Shane Watson","run":"36","for":"6","six":"0","runrate":"128.57"}][{"team":"Chennai Super Kings","oponent":"Rajasthan Royals","player":"Shane Watson","run":"8","for":"2","six":"0","runrate":"266.67"}][{"team":"Chennai Super Kings","oponent":"Mumbai Indians","player":"Shane Watson","run":"4","for":"1","six":"0","runrate":"80.00"}][{"team":"Chennai Super Kings","oponent":"Kolkata Knight Riders","player":"Shane Watson","run":"14","for":"1","six":"1","runrate":"73.68"}][{"team":"Chennai Super Kings","oponent":"Sunrisers Hyderabad","player":"Shane Watson","run":"42","for":"1","six":"3","runrate":"110.53"}][{"team":"Chennai Super Kings","oponent":"Delhi Capitals","player":"Shane Watson","run":"14","for":"1","six":"1","runrate":"87.50"}][{"team":"Chennai Super Kings","oponent":"Delhi Capitals","player":"Shane Watson","run":"36","for":"6","six":"0","runrate":"128.57"}][{"team":"Chennai Super Kings","oponent":"Kings XI Punjab","player":"Shane Watson","run":"83","for":"11","six":"3","runrate":"156.60"}][{"team":"Chennai Super Kings","oponent":"Kolkata Knight Riders","player":"Shane Watson","run":"50","for":"6","six":"1","runrate":"125.00"}][{"team":"Chennai Super Kings","oponent":"Royal Challengers Bangalore","player":"Shane Watson","run":"14","for":"3","six":"0","runrate":"77.78"}][{"team":"Chennai Super Kings","oponent":"Rajasthan Royals","player":"Shane Watson","run":"33","for":"1","six":"4","runrate":"157.14"}][{"team":"Chennai Super Kings","oponent":"Sunrisers Hyderabad","player":"Shane Watson","run":"1","for":"0","six":"0","runrate":"16.67"}]