[{"team":"Royal Challengers Bangalore","oponent":"Delhi Capitals","player":"Aaron Finch","run":"13","for":"1","six":"0","runrate":"92.86"}][{"team":"Royal Challengers Bangalore","oponent":"Rajasthan Royals","player":"Aaron Finch","run":"14","for":"0","six":"2","runrate":"127.27"}][{"team":"Royal Challengers Bangalore","oponent":"Chennai Super Kings","player":"Aaron Finch","run":"15","for":"3","six":"0","runrate":"136.36"}][{"team":"Royal Challengers Bangalore","oponent":"Sunrisers Hyderabad","player":"Aaron Finch","run":"32","for":"3","six":"1","runrate":"106.67"}][{"team":"Royal Challengers Bangalore","oponent":"Delhi Capitals","player":"Aaron Finch","run":"13","for":"1","six":"0","runrate":"92.86"}][{"team":"Royal Challengers Bangalore","oponent":"Kolkata Knight Riders","player":"Aaron Finch","run":"47","for":"4","six":"1","runrate":"127.03"}][{"team":"Royal Challengers Bangalore","oponent":"Mumbai Indians","player":"Aaron Finch","run":"52","for":"7","six":"1","runrate":"148.57"}][{"team":"Royal Challengers Bangalore","oponent":"Rajasthan Royals","player":"Aaron Finch","run":"8","for":"2","six":"0","runrate":"114.29"}][{"team":"Royal Challengers Bangalore","oponent":"Kolkata Knight Riders","player":"Aaron Finch","run":"16","for":"2","six":"0","runrate":"76.19"}][{"team":"Royal Challengers Bangalore","oponent":"Sunrisers Hyderabad","player":"Aaron Finch","run":"29","for":"1","six":"2","runrate":"107.41"}][{"team":"Royal Challengers Bangalore","oponent":"Chennai Super Kings","player":"Aaron Finch","run":"2","for":"0","six":"0","runrate":"22.22"}][{"team":"Royal Challengers Bangalore","oponent":"Kings XI Punjab","player":"Aaron Finch","run":"20","for":"3","six":"0","runrate":"95.24"}]