[{"team":"Royal Challengers Bangalore","oponant":"Delhi Capitals","player":"AB de Villiers","run":"9","for":"2","six":"0","runrate":"150.00"}][{"team":"Royal Challengers Bangalore","oponant":"Rajasthan Royals","player":"AB de Villiers","run":"55","for":"1","six":"6","runrate":"250.00"}][{"team":"Royal Challengers Bangalore","oponant":"Mumbai Indians","player":"AB de Villiers","run":"15","for":"1","six":"1","runrate":"125.00"}][{"team":"Royal Challengers Bangalore","oponant":"Chennai Super Kings","player":"AB de Villiers","run":"39","for":"4","six":"0","runrate":"108.33"}][{"team":"Royal Challengers Bangalore","oponant":"Sunrisers Hyderabad","player":"AB de Villiers","run":"56","for":"5","six":"0","runrate":"130.23"}][{"team":"Royal Challengers Bangalore","oponant":"Sunrisers Hyderabad","player":"AB de Villiers","run":"24","for":"1","six":"1","runrate":"100.00"}][{"team":"Royal Challengers Bangalore","oponant":"Delhi Capitals","player":"AB de Villiers","run":"35","for":"1","six":"2","runrate":"166.67"}][{"team":"Royal Challengers Bangalore","oponant":"Delhi Capitals","player":"AB de Villiers","run":"9","for":"2","six":"0","runrate":"150.00"}][{"team":"Royal Challengers Bangalore","oponant":"Kolkata Knight Riders","player":"AB de Villiers","run":"73","for":"5","six":"6","runrate":"221.21"}][{"team":"Royal Challengers Bangalore","oponant":"Mumbai Indians","player":"AB de Villiers","run":"55","for":"4","six":"4","runrate":"229.17"}][{"team":"Royal Challengers Bangalore","oponant":"Rajasthan Royals","player":"AB de Villiers","run":"12","for":"1","six":"0","runrate":"120.00"}][{"team":"Royal Challengers Bangalore","oponent":"Sunrisers Hyderabad","player":"AB de Villiers","run":"51","for":"4","six":"2","runrate":"170.00"}][{"team":"Royal Challengers Bangalore","oponant":"Chennai Super Kings","player":"AB de Villiers","run":"0","for":"0","six":"0","runrate":"0.00"}][{"team":"Royal Challengers Bangalore","oponent":"Kings XI Punjab","player":"AB de Villiers","run":"28","for":"4","six":"1","runrate":"155.56"}]