[{"team":"Royal Challengers Bangalore","oponent":"Delhi Capitals","player":"Chris Morris","run":"0","for":"0","six":"0","runrate":"0.00"}][{"team":"Royal Challengers Bangalore","oponent":"Mumbai Indians","player":"Chris Morris","run":"4","for":"1","six":"0","runrate":"200.00"}][{"team":"Royal Challengers Bangalore","oponent":"Chennai Super Kings","player":"Chris Morris","run":"2","for":"0","six":"0","runrate":"40.00"}][{"team":"Royal Challengers Bangalore","oponent":"Sunrisers Hyderabad","player":"Chris Morris","run":"3","for":"0","six":"0","runrate":"75.00"}][{"team":"Royal Challengers Bangalore","oponent":"Delhi Capitals","player":"Chris Morris","run":"0","for":"0","six":"0","runrate":"0.00"}]