[{"team":"Royal Challengers Bangalore","oponent":"Delhi Capitals","player":"Devdutt Padikkal","run":"4","for":"0","six":"0","runrate":"66.67"}][{"team":"Royal Challengers Bangalore","oponent":"Rajasthan Royals","player":"Devdutt Padikkal","run":"35","for":"2","six":"0","runrate":"94.59"}][{"team":"Royal Challengers Bangalore","oponent":"Mumbai Indians","player":"Devdutt Padikkal","run":"74","for":"12","six":"1","runrate":"164.44"}][{"team":"Royal Challengers Bangalore","oponent":"Chennai Super Kings","player":"Devdutt Padikkal","run":"22","for":"2","six":"1","runrate":"104.76"}][{"team":"Royal Challengers Bangalore","oponent":"Sunrisers Hyderabad","player":"Devdutt Padikkal","run":"1","for":"0","six":"0","runrate":"16.67"}][{"team":"Royal Challengers Bangalore","oponent":"Sunrisers Hyderabad","player":"Devdutt Padikkal","run":"5","for":"1","six":"0","runrate":"62.50"}][{"team":"Royal Challengers Bangalore","oponent":"Delhi Capitals","player":"Devdutt Padikkal","run":"50","for":"5","six":"0","runrate":"121.95"}][{"team":"Royal Challengers Bangalore","oponent":"Delhi Capitals","player":"Devdutt Padikkal","run":"4","for":"0","six":"0","runrate":"66.67"}][{"team":"Royal Challengers Bangalore","oponent":"Kolkata Knight Riders","player":"Devdutt Padikkal","run":"32","for":"4","six":"1","runrate":"139.13"}][{"team":"Royal Challengers Bangalore","oponent":"Mumbai Indians","player":"Devdutt Padikkal","run":"54","for":"5","six":"2","runrate":"135.00"}][{"team":"Royal Challengers Bangalore","oponent":"Rajasthan Royals","player":"Devdutt Padikkal","run":"63","for":"6","six":"1","runrate":"140.00"}][{"team":"Royal Challengers Bangalore","oponent":"Kolkata Knight Riders","player":"Devdutt Padikkal","run":"25","for":"3","six":"0","runrate":"147.06"}][{"team":"Royal Challengers Bangalore","oponent":"Sunrisers Hyderabad","player":"Devdutt Padikkal","run":"56","for":"8","six":"0","runrate":"133.33"}][{"team":"Royal Challengers Bangalore","oponent":"Chennai Super Kings","player":"Devdutt Padikkal","run":"33","for":"2","six":"1","runrate":"97.06"}][{"team":"Royal Challengers Bangalore","oponent":"Kings XI Punjab","player":"Devdutt Padikkal","run":"1","for":"0","six":"0","runrate":"50.00"}]