[{"team":"Royal Challengers Bangalore","oponent":"Sunrisers Hyderabad","player":"Gurkeerat Singh Mann","run":"15","for":"1","six":"0","runrate":"62.50"}][{"team":"Royal Challengers Bangalore","oponent":"Rajasthan Royals","player":"Gurkeerat Singh Mann","run":"19","for":"1","six":"0","runrate":"111.76"}][{"team":"Royal Challengers Bangalore","oponent":"Mumbai Indians","player":"Gurkeerat Singh Mann","run":"14","for":"2","six":"0","runrate":"127.27"}][{"team":"Royal Challengers Bangalore","oponent":"Chennai Super Kings","player":"Gurkeerat Singh Mann","run":"2","for":"0","six":"0","runrate":"100.00"}][{"team":"Royal Challengers Bangalore","oponent":"Sunrisers Hyderabad","player":"Gurkeerat Singh Mann","run":"15","for":"1","six":"0","runrate":"62.50"}][{"team":"Royal Challengers Bangalore","oponent":"Kolkata Knight Riders","player":"Gurkeerat Singh Mann","run":"21","for":"4","six":"0","runrate":"80.77"}]