[{"team":"Royal Challengers Bangalore","oponent":"Delhi Capitals","player":"Isuru Udana","run":"1","for":"0","six":"0","runrate":"33.33"}][{"team":"Royal Challengers Bangalore","oponent":"Sunrisers Hyderabad","player":"Isuru Udana","run":"0","for":"0","six":"0","runrate":"0.00"}][{"team":"Royal Challengers Bangalore","oponent":"Delhi Capitals","player":"Isuru Udana","run":"4","for":"1","six":"0","runrate":"200.00"}][{"team":"Royal Challengers Bangalore","oponent":"Delhi Capitals","player":"Isuru Udana","run":"1","for":"0","six":"0","runrate":"33.33"}]