[{"team":"Royal Challengers Bangalore","oponent":"Delhi Capitals","player":"Josh Philippe","run":"12","for":"1","six":"0","runrate":"70.59"}][{"team":"Royal Challengers Bangalore","oponent":"Mumbai Indians","player":"Josh Philippe","run":"33","for":"4","six":"1","runrate":"137.50"}][{"team":"Royal Challengers Bangalore","oponent":"Sunrisers Hyderabad","player":"Josh Philippe","run":"32","for":"4","six":"0","runrate":"103.23"}][{"team":"Royal Challengers Bangalore","oponent":"Delhi Capitals","player":"Josh Philippe","run":"12","for":"1","six":"0","runrate":"70.59"}][{"team":"Royal Challengers Bangalore","oponant":"Sunrisers Hyderabad","player":"Josh Philippe","run":"1","for":"0","six":"0","runrate":"50.00"}][{"team":"Royal Challengers Bangalore","oponant":"Kings XI Punjab","player":"Josh Philippe","run":"0","for":"0","six":"0","runrate":"0.00"}]