[{"team":"Royal Challengers Bangalore","oponent":"Delhi Capitals","player":"Moeen Ali","run":"11","for":"1","six":"0","runrate":"84.62"}][{"team":"Royal Challengers Bangalore","oponent":"Chennai Super Kings","player":"Moeen Ali","run":"1","for":"0","six":"0","runrate":"50.00"}][{"team":"Royal Challengers Bangalore","oponent":"Sunrisers Hyderabad","player":"Moeen Ali","run":"0","for":"0","six":"0","runrate":"0.00"}][{"team":"Royal Challengers Bangalore","oponent":"Delhi Capitals","player":"Moeen Ali","run":"11","for":"1","six":"0","runrate":"84.62"}]