[{"team":"Royal Challengers Bangalore","oponent":"Delhi Capitals","player":"Mohammed Siraj","run":"5","for":"1","six":"0","runrate":"125.00"}][{"team":"Royal Challengers Bangalore","oponent":"Sunrisers Hyderabad","player":"Mohammed Siraj","run":"10","for":"1","six":"0","runrate":"142.86"}][{"team":"Royal Challengers Bangalore","oponent":"Sunrisers Hyderabad","player":"Mohammed Siraj","run":"2","for":"0","six":"0","runrate":"66.67"}][{"team":"Royal Challengers Bangalore","oponent":"Delhi Capitals","player":"Mohammed Siraj","run":"5","for":"1","six":"0","runrate":"125.00"}]