[{"team":"Royal Challengers Bangalore","oponent":"Delhi Capitals","player":"Navdeep Saini","run":"12","for":"1","six":"0","runrate":"100.00"}][{"team":"Royal Challengers Bangalore","oponent":"Sunrisers Hyderabad","player":"Navdeep Saini","run":"9","for":"1","six":"0","runrate":"112.50"}][{"team":"Royal Challengers Bangalore","oponent":"Delhi Capitals","player":"Navdeep Saini","run":"12","for":"1","six":"0","runrate":"100.00"}][{"team":"Royal Challengers Bangalore","oponent":"Kings XI Punjab","player":"Navdeep Saini","run":"6","for":"1","six":"0","runrate":"85.71"}]