[{"team":"Royal Challengers Bangalore","oponent":"Delhi Capitals","player":"Shivam Dube","run":"11","for":"0","six":"1","runrate":"91.67"}][{"team":"Royal Challengers Bangalore","oponent":"Mumbai Indians","player":"Shivam Dube","run":"2","for":"0","six":"0","runrate":"33.33"}][{"team":"Royal Challengers Bangalore","oponent":"Sunrisers Hyderabad","player":"Shivam Dube","run":"8","for":"0","six":"0","runrate":"61.54"}][{"team":"Royal Challengers Bangalore","oponent":"Delhi Capitals","player":"Shivam Dube","run":"17","for":"2","six":"1","runrate":"154.55"}][{"team":"Royal Challengers Bangalore","oponent":"Delhi Capitals","player":"Shivam Dube","run":"11","for":"0","six":"1","runrate":"91.67"}][{"team":"Royal Challengers Bangalore","oponent":"Mumbai Indians","player":"Shivam Dube","run":"27","for":"1","six":"3","runrate":"270.00"}][{"team":"Royal Challengers Bangalore","oponent":"Sunrisers Hyderabad","player":"Shivam Dube","run":"7","for":"0","six":"0","runrate":"87.50"}][{"team":"Royal Challengers Bangalore","oponent":"Chennai Super Kings","player":"Shivam Dube","run":"22","for":"2","six":"1","runrate":"157.14"}][{"team":"Royal Challengers Bangalore","oponent":"Kings XI Punjab","player":"Shivam Dube","run":"12","for":"0","six":"1","runrate":"100.00"}]