[{"team":"Royal Challengers Bangalore","opnonat":"Delhi Capitals","player":"Virat Kohli","run":"43","for":"2","six":"1","runrate":"110.26"}][{"team":"Royal Challengers Bangalore","opnonat":"Rajasthan Royals","player":"Virat Kohli","run":"43","for":"1","six":"2","runrate":"134.38"}][{"team":"Royal Challengers Bangalore","opnonat":"Mumbai Indians","player":"Virat Kohli","run":"9","for":"0","six":"0","runrate":"64.29"}][{"team":"Royal Challengers Bangalore","opnonat":"Chennai Super Kings","player":"Virat Kohli","run":"50","for":"1","six":"1","runrate":"116.28"}][{"team":"Royal Challengers Bangalore","opnonat":"Sunrisers Hyderabad","player":"Virat Kohli","run":"6","for":"0","six":"0","runrate":"85.71"}][{"team":"Royal Challengers Bangalore","opnonat":"Sunrisers Hyderabad","player":"Virat Kohli","run":"7","for":"0","six":"0","runrate":"100.00"}][{"team":"Royal Challengers Bangalore","opnonat":"Delhi Capitals","player":"Virat Kohli","run":"29","for":"2","six":"1","runrate":"120.83"}][{"team":"Royal Challengers Bangalore","opnonat":"Delhi Capitals","player":"Virat Kohli","run":"43","for":"2","six":"1","runrate":"110.26"}][{"team":"Royal Challengers Bangalore","opnonat":"Kolkata Knight Riders","player":"Virat Kohli","run":"33","for":"1","six":"0","runrate":"117.86"}][{"team":"Royal Challengers Bangalore","opnonat":"Mumbai Indians","player":"Virat Kohli","run":"3","for":"0","six":"0","runrate":"27.27"}][{"team":"Royal Challengers Bangalore","opnonat":"Rajasthan Royals","player":"Virat Kohli","run":"72","for":"7","six":"2","runrate":"135.85"}][{"team":"Royal Challengers Bangalore","opnonat":"Kolkata Knight Riders","player":"Virat Kohli","run":"18","for":"2","six":"0","runrate":"105.88"}][{"team":"Royal Challengers Bangalore","opnonat":"Sunrisers Hyderabad","player":"Virat Kohli","run":"14","for":"0","six":"0","runrate":"107.69"}][{"team":"Royal Challengers Bangalore","opnonat":"Chennai Super Kings","player":"Virat Kohli","run":"90","for":"4","six":"4","runrate":"173.08"}][{"team":"Royal Challengers Bangalore","opnonat":"Kings XI Punjab","player":"Virat Kohli","run":"1","for":"0","six":"0","runrate":"20.00"}]