[{"team":"Royal Challengers Bangalore","oponent":"Delhi Capitals","player":"Washington Sundar","run":"17","for":"3","six":"0","runrate":"154.55"}][{"team":"Royal Challengers Bangalore","oponent":"Mumbai Indians","player":"Washington Sundar","run":"10","for":"1","six":"0","runrate":"166.67"}][{"team":"Royal Challengers Bangalore","oponent":"Chennai Super Kings","player":"Washington Sundar","run":"5","for":"1","six":"0","runrate":"250.00"}][{"team":"Royal Challengers Bangalore","oponent":"Sunrisers Hyderabad","player":"Washington Sundar","run":"5","for":"0","six":"0","runrate":"83.33"}][{"team":"Royal Challengers Bangalore","oponent":"Sunrisers Hyderabad","player":"Washington Sundar","run":"21","for":"2","six":"0","runrate":"116.67"}][{"team":"Royal Challengers Bangalore","oponent":"Delhi Capitals","player":"Washington Sundar","run":"0","for":"0","six":"0","runrate":"0.00"}][{"team":"Royal Challengers Bangalore","oponent":"Delhi Capitals","player":"Washington Sundar","run":"17","for":"3","six":"0","runrate":"154.55"}][{"team":"Royal Challengers Bangalore","oponent":"Chennai Super Kings","player":"Washington Sundar","run":"10","for":"0","six":"1","runrate":"100.00"}][{"team":"Royal Challengers Bangalore","oponent":"Kings XI Punjab","player":"Washington Sundar","run":"30","for":"2","six":"1","runrate":"111.11"}]