[{"team":"Sunrisers Hyderabad","oponent":"Kolkata Knight Riders","player":"Abdul Samad","run":"23","for":"2","six":"1","runrate":"153.33"}][{"team":"Sunrisers Hyderabad","oponent":"Kolkata Knight Riders","player":"Abdul Samad","run":"23","for":"2","six":"1","runrate":"153.33"}][{"team":"Sunrisers Hyderabad","oponent":"Royal Challengers Bangalore","player":"Abdul Samad","run":"0","for":"0","six":"0","runrate":"0.00"}][{"team":"Sunrisers Hyderabad","oponent":"Delhi Capitals","player":"Abdul Samad","run":"33","for":"2","six":"2","runrate":"206.25"}][{"team":"Sunrisers Hyderabad","oponent":"Kings XI Punjab","player":"Abdul Samad","run":"7","for":"1","six":"0","runrate":"140.00"}][{"team":"Sunrisers Hyderabad","oponent":"Kings XI Punjab","player":"Abdul Samad","run":"8","for":"1","six":"0","runrate":"114.29"}][{"team":"Sunrisers Hyderabad","oponent":"Mumbai Indians","player":"Abdul Samad","run":"20","for":"1","six":"2","runrate":"222.22"}][{"team":"Sunrisers Hyderabad","oponent":"Delhi Capitals","player":"Abdul Samad","run":"12","for":"1","six":"1","runrate":"171.43"}][{"team":"Sunrisers Hyderabad","oponent":"Chennai Super Kings","player":"Abdul Samad","run":"8","for":"0","six":"0","runrate":"133.33"}]