[{"team":"Sunrisers Hyderabad","oponent":"Delhi Capitals","player":"Abhishek Sharma","run":"1","for":"0","six":"0","runrate":"100.00"}][{"team":"Sunrisers Hyderabad","oponent":"Royal Challengers Bangalore","player":"Abhishek Sharma","run":"8","for":"0","six":"1","runrate":"160.00"}][{"team":"Sunrisers Hyderabad","oponent":"Kings XI Punjab","player":"Abhishek Sharma","run":"12","for":"1","six":"1","runrate":"200.00"}][{"team":"Sunrisers Hyderabad","oponent":"Mumbai Indians","player":"Abhishek Sharma","run":"10","for":"0","six":"0","runrate":"76.92"}][{"team":"Sunrisers Hyderabad","oponent":"Royal Challengers Bangalore","player":"Abhishek Sharma","run":"7","for":"1","six":"0","runrate":"175.00"}][{"team":"Sunrisers Hyderabad","oponent":"Delhi Capitals","player":"Abhishek Sharma","run":"1","for":"0","six":"0","runrate":"100.00"}][{"team":"Sunrisers Hyderabad","oponent":"Chennai Super Kings","player":"Abhishek Sharma","run":"31","for":"4","six":"1","runrate":"129.17"}]