[{"team":"Sunrisers Hyderabad","opnonat":"Kolkata Knight Riders","player":"David Warner","run":"47","for":"5","six":"0","runrate":"142.42"}][{"team":"Sunrisers Hyderabad","opnonat":"Royal Challengers Bangalore","player":"David Warner","run":"17","for":"3","six":"0","runrate":"100.00"}][{"team":"Sunrisers Hyderabad","opnonat":"Kolkata Knight Riders","player":"David Warner","run":"47","for":"5","six":"0","runrate":"142.42"}][{"team":"Sunrisers Hyderabad","opnonat":"Royal Challengers Bangalore","player":"David Warner","run":"8","for":"0","six":"1","runrate":"160.00"}][{"team":"Sunrisers Hyderabad","opnonat":"Delhi Capitals","player":"David Warner","run":"2","for":"0","six":"0","runrate":"66.67"}][{"team":"Sunrisers Hyderabad","opnonat":"Rajasthan Royals","player":"David Warner","run":"4","for":"1","six":"0","runrate":"100.00"}][{"team":"Sunrisers Hyderabad","opnonat":"Rajasthan Royals","player":"David Warner","run":"48","for":"3","six":"2","runrate":"126.32"}][{"team":"Sunrisers Hyderabad","opnonat":"Chennai Super Kings","player":"David Warner","run":"9","for":"0","six":"0","runrate":"69.23"}][{"team":"Sunrisers Hyderabad","opnonat":"Kings XI Punjab","player":"David Warner","run":"35","for":"3","six":"2","runrate":"175.00"}][{"team":"Sunrisers Hyderabad","opnonat":"Kings XI Punjab","player":"David Warner","run":"52","for":"5","six":"1","runrate":"130.00"}][{"team":"Sunrisers Hyderabad","opnonat":"Delhi Capitals","player":"David Warner","run":"66","for":"8","six":"2","runrate":"194.12"}][{"team":"Sunrisers Hyderabad","opnonat":"Mumbai Indians","player":"David Warner","run":"60","for":"5","six":"2","runrate":"136.36"}][{"team":"Sunrisers Hyderabad","opnonat":"Royal Challengers Bangalore","player":"David Warner","run":"6","for":"1","six":"0","runrate":"100.00"}][{"team":"Sunrisers Hyderabad","opnonat":"Delhi Capitals","player":"David Warner","run":"45","for":"3","six":"2","runrate":"136.36"}][{"team":"Sunrisers Hyderabad","opnonat":"Chennai Super Kings","player":"David Warner","run":"28","for":"3","six":"0","runrate":"96.55"}]