[{"team":"Sunrisers Hyderabad","oponent":"Royal Challengers Bangalore","player":"Jason Holder","run":"26","for":"1","six":"3","runrate":"260.00"}][{"team":"Sunrisers Hyderabad","oponent":"Royal Challengers Bangalore","player":"Jason Holder","run":"24","for":"3","six":"0","runrate":"120.00"}][{"team":"Sunrisers Hyderabad","oponent":"Royal Challengers Bangalore","player":"Jason Holder","run":"26","for":"1","six":"3","runrate":"260.00"}][{"team":"Sunrisers Hyderabad","oponent":"Delhi Capitals","player":"Jason Holder","run":"11","for":"1","six":"0","runrate":"73.33"}][{"team":"Sunrisers Hyderabad","oponent":"Kings XI Punjab","player":"Jason Holder","run":"5","for":"0","six":"0","runrate":"62.50"}]