[{"team":"Sunrisers Hyderabad","oponant":"Kolkata Knight Riders","player":"Jonny Bairstow","run":"36","for":"7","six":"0","runrate":"128.57"}][{"team":"Sunrisers Hyderabad","oponant":"Kolkata Knight Riders","player":"Jonny Bairstow","run":"36","for":"7","six":"0","runrate":"128.57"}][{"team":"Sunrisers Hyderabad","oponant":"Rajasthan Royals","player":"Jonny Bairstow","run":"10","for":"1","six":"1","runrate":"142.86"}][{"team":"Sunrisers Hyderabad","oponant":"Rajasthan Royals","player":"Jonny Bairstow","run":"16","for":"0","six":"1","runrate":"84.21"}][{"team":"Sunrisers Hyderabad","oponant":"Chennai Super Kings","player":"Jonny Bairstow","run":"23","for":"2","six":"0","runrate":"95.83"}][{"team":"Sunrisers Hyderabad","oponant":"Kings XI Punjab","player":"Jonny Bairstow","run":"19","for":"4","six":"0","runrate":"95.00"}][{"team":"Sunrisers Hyderabad","oponant":"Kings XI Punjab","player":"Jonny Bairstow","run":"97","for":"7","six":"6","runrate":"176.36"}][{"team":"Sunrisers Hyderabad","oponant":"Mumbai Indians","player":"Jonny Bairstow","run":"25","for":"2","six":"2","runrate":"166.67"}][{"team":"Sunrisers Hyderabad","oponant":"Royal Challengers Bangalore","player":"Jonny Bairstow","run":"61","for":"6","six":"2","runrate":"141.86"}][{"team":"Sunrisers Hyderabad","oponant":"Delhi Capitals","player":"Jonny Bairstow","run":"53","for":"2","six":"1","runrate":"110.42"}][{"team":"Sunrisers Hyderabad","oponant":"Chennai Super Kings","player":"Jonny Bairstow","run":"0","for":"0","six":"0","runrate":"0.00"}]