[{"team":"Sunrisers Hyderabad","oponent":"Kolkata Knight Riders","player":"Kane Williamson","run":"29","for":"4","six":"1","runrate":"152.63"}][{"team":"Sunrisers Hyderabad","oponent":"Royal Challengers Bangalore","player":"Kane Williamson","run":"50","for":"2","six":"2","runrate":"113.64"}][{"team":"Sunrisers Hyderabad","oponent":"Kolkata Knight Riders","player":"Kane Williamson","run":"29","for":"4","six":"1","runrate":"152.63"}][{"team":"Sunrisers Hyderabad","oponent":"Royal Challengers Bangalore","player":"Kane Williamson","run":"8","for":"0","six":"0","runrate":"57.14"}][{"team":"Sunrisers Hyderabad","oponent":"Delhi Capitals","player":"Kane Williamson","run":"67","for":"5","six":"4","runrate":"148.89"}][{"team":"Sunrisers Hyderabad","oponent":"Rajasthan Royals","player":"Kane Williamson","run":"22","for":"0","six":"2","runrate":"183.33"}][{"team":"Sunrisers Hyderabad","oponent":"Chennai Super Kings","player":"Kane Williamson","run":"57","for":"7","six":"0","runrate":"146.15"}][{"team":"Sunrisers Hyderabad","oponent":"Kings XI Punjab","player":"Kane Williamson","run":"20","for":"1","six":"1","runrate":"200.00"}][{"team":"Sunrisers Hyderabad","oponent":"Delhi Capitals","player":"Kane Williamson","run":"11","for":"1","six":"0","runrate":"110.00"}][{"team":"Sunrisers Hyderabad","oponent":"Mumbai Indians","player":"Kane Williamson","run":"3","for":"0","six":"0","runrate":"60.00"}][{"team":"Sunrisers Hyderabad","oponent":"Delhi Capitals","player":"Kane Williamson","run":"41","for":"5","six":"0","runrate":"157.69"}][{"team":"Sunrisers Hyderabad","oponent":"Chennai Super Kings","player":"Kane Williamson","run":"9","for":"1","six":"0","runrate":"69.23"}]