[{"team":"Sunrisers Hyderabad","oponent":"Kolkata Knight Riders","player":"Manish Pandey","run":"6","for":"0","six":"0","runrate":"85.71"}][{"team":"Sunrisers Hyderabad","oponent":"Royal Challengers Bangalore","player":"Manish Pandey","run":"24","for":"3","six":"1","runrate":"114.29"}][{"team":"Sunrisers Hyderabad","oponent":"Kolkata Knight Riders","player":"Manish Pandey","run":"6","for":"0","six":"0","runrate":"85.71"}][{"team":"Sunrisers Hyderabad","oponent":"Royal Challengers Bangalore","player":"Manish Pandey","run":"26","for":"3","six":"1","runrate":"136.84"}][{"team":"Sunrisers Hyderabad","oponent":"Delhi Capitals","player":"Manish Pandey","run":"21","for":"3","six":"0","runrate":"150.00"}][{"team":"Sunrisers Hyderabad","oponent":"Rajasthan Royals","player":"Manish Pandey","run":"83","for":"4","six":"8","runrate":"176.60"}][{"team":"Sunrisers Hyderabad","oponent":"Rajasthan Royals","player":"Manish Pandey","run":"54","for":"2","six":"3","runrate":"122.73"}][{"team":"Sunrisers Hyderabad","oponent":"Chennai Super Kings","player":"Manish Pandey","run":"4","for":"1","six":"0","runrate":"133.33"}][{"team":"Sunrisers Hyderabad","oponent":"Kings XI Punjab","player":"Manish Pandey","run":"15","for":"0","six":"0","runrate":"51.72"}][{"team":"Sunrisers Hyderabad","oponent":"Kings XI Punjab","player":"Manish Pandey","run":"1","for":"0","six":"0","runrate":"50.00"}][{"team":"Sunrisers Hyderabad","oponent":"Delhi Capitals","player":"Manish Pandey","run":"44","for":"4","six":"1","runrate":"141.94"}][{"team":"Sunrisers Hyderabad","oponent":"Mumbai Indians","player":"Manish Pandey","run":"30","for":"4","six":"1","runrate":"157.89"}][{"team":"Sunrisers Hyderabad","oponent":"Royal Challengers Bangalore","player":"Manish Pandey","run":"34","for":"3","six":"1","runrate":"103.03"}][{"team":"Sunrisers Hyderabad","oponent":"Delhi Capitals","player":"Manish Pandey","run":"3","for":"0","six":"0","runrate":"60.00"}][{"team":"Sunrisers Hyderabad","oponent":"Chennai Super Kings","player":"Manish Pandey","run":"29","for":"5","six":"0","runrate":"138.10"}]