[{"team":"Sunrisers Hyderabad","oponent":"Kolkata Knight Riders","player":"Priyam Garg","run":"4","for":"0","six":"0","runrate":"57.14"}][{"team":"Sunrisers Hyderabad","oponent":"Royal Challengers Bangalore","player":"Priyam Garg","run":"7","for":"0","six":"0","runrate":"50.00"}][{"team":"Sunrisers Hyderabad","oponent":"Kolkata Knight Riders","player":"Priyam Garg","run":"4","for":"0","six":"0","runrate":"57.14"}][{"team":"Sunrisers Hyderabad","oponent":"Delhi Capitals","player":"Priyam Garg","run":"17","for":"0","six":"2","runrate":"141.67"}][{"team":"Sunrisers Hyderabad","oponent":"Rajasthan Royals","player":"Priyam Garg","run":"15","for":"1","six":"1","runrate":"187.50"}][{"team":"Sunrisers Hyderabad","oponent":"Chennai Super Kings","player":"Priyam Garg","run":"16","for":"1","six":"0","runrate":"88.89"}][{"team":"Sunrisers Hyderabad","oponent":"Kings XI Punjab","player":"Priyam Garg","run":"3","for":"0","six":"0","runrate":"60.00"}][{"team":"Sunrisers Hyderabad","oponent":"Kings XI Punjab","player":"Priyam Garg","run":"0","for":"0","six":"0","runrate":"0.00"}][{"team":"Sunrisers Hyderabad","oponent":"Mumbai Indians","player":"Priyam Garg","run":"8","for":"0","six":"0","runrate":"114.29"}][{"team":"Sunrisers Hyderabad","oponent":"Royal Challengers Bangalore","player":"Priyam Garg","run":"12","for":"1","six":"0","runrate":"92.31"}][{"team":"Sunrisers Hyderabad","oponent":"Chennai Super Kings","player":"Priyam Garg","run":"51","for":"6","six":"1","runrate":"196.15"}]