[{"team":"Sunrisers Hyderabad","oponent":"Kolkata Knight Riders","player":"Rashid Khan","run":"1","for":"0","six":"0","runrate":"50.00"}][{"team":"Sunrisers Hyderabad","oponent":"Kolkata Knight Riders","player":"Rashid Khan","run":"1","for":"0","six":"0","runrate":"50.00"}][{"team":"Sunrisers Hyderabad","oponent":"Delhi Capitals","player":"Rashid Khan","run":"11","for":"1","six":"1","runrate":"157.14"}][{"team":"Sunrisers Hyderabad","oponent":"Chennai Super Kings","player":"Rashid Khan","run":"14","for":"1","six":"1","runrate":"175.00"}][{"team":"Sunrisers Hyderabad","oponent":"Kings XI Punjab","player":"Rashid Khan","run":"0","for":"0","six":"0","runrate":"0.00"}][{"team":"Sunrisers Hyderabad","oponent":"Kings XI Punjab","player":"Rashid Khan","run":"0","for":"0","six":"0","runrate":"0.00"}][{"team":"Sunrisers Hyderabad","oponent":"Mumbai Indians","player":"Rashid Khan","run":"3","for":"0","six":"0","runrate":"42.86"}][{"team":"Sunrisers Hyderabad","oponent":"Royal Challengers Bangalore","player":"Rashid Khan","run":"6","for":"1","six":"0","runrate":"120.00"}]