[{"team":"Sunrisers Hyderabad","oponent":"Royal Challengers Bangalore","player":"Sandeep Sharma","run":"9","for":"1","six":"0","runrate":"150.00"}][{"team":"Sunrisers Hyderabad","oponent":"Delhi Capitals","player":"Sandeep Sharma","run":"2","for":"0","six":"0","runrate":"50.00"}][{"team":"Sunrisers Hyderabad","oponent":"Chennai Super Kings","player":"Sandeep Sharma","run":"1","for":"0","six":"0","runrate":"50.00"}][{"team":"Sunrisers Hyderabad","oponent":"Kings XI Punjab","player":"Sandeep Sharma","run":"0","for":"0","six":"0","runrate":"0.00"}][{"team":"Sunrisers Hyderabad","oponent":"Mumbai Indians","player":"Sandeep Sharma","run":"0","for":"0","six":"0","runrate":"0.00"}][{"team":"Sunrisers Hyderabad","oponent":"Royal Challengers Bangalore","player":"Sandeep Sharma","run":"9","for":"1","six":"0","runrate":"150.00"}]