[{"team":"Sunrisers Hyderabad","oponent":"Royal Challengers Bangalore","player":"T Natarajan","run":"3","for":"0","six":"0","runrate":"75.00"}][{"team":"Sunrisers Hyderabad","oponent":"Chennai Super Kings","player":"T Natarajan","run":"0","for":"0","six":"0","runrate":"0.00"}][{"team":"Sunrisers Hyderabad","oponent":"Kings XI Punjab","player":"T Natarajan","run":"0","for":"0","six":"0","runrate":"0.00"}][{"team":"Sunrisers Hyderabad","oponent":"Royal Challengers Bangalore","player":"T Natarajan","run":"3","for":"0","six":"0","runrate":"75.00"}]