[{"team":"Sunrisers Hyderabad","oponent":"Kolkata Knight Riders","player":"Vijay Shankar","run":"7","for":"0","six":"0","runrate":"70.00"}][{"team":"Sunrisers Hyderabad","oponent":"Kolkata Knight Riders","player":"Vijay Shankar","run":"7","for":"0","six":"0","runrate":"70.00"}][{"team":"Sunrisers Hyderabad","oponent":"Rajasthan Royals","player":"Vijay Shankar","run":"52","for":"6","six":"0","runrate":"101.96"}][{"team":"Sunrisers Hyderabad","oponent":"Chennai Super Kings","player":"Vijay Shankar","run":"12","for":"0","six":"1","runrate":"171.43"}][{"team":"Sunrisers Hyderabad","oponent":"Kings XI Punjab","player":"Vijay Shankar","run":"26","for":"4","six":"0","runrate":"96.30"}][{"team":"Sunrisers Hyderabad","oponent":"Royal Challengers Bangalore","player":"Vijay Shankar","run":"0","for":"0","six":"0","runrate":"0.00"}]