[{"team":"Kings XI Punjab","oponent":"Delhi Capitals","player":"Chris Jordan","run":"5","for":"0","six":"0","runrate":"83.33"}][{"team":"Kings XI Punjab","oponent":"Kolkata Knight Riders","player":"Chris Jordan","run":"0","for":"0","six":"0","runrate":"0.00"}][{"team":"Kings XI Punjab","oponent":"Delhi Capitals","player":"Chris Jordan","run":"5","for":"0","six":"0","runrate":"83.33"}][{"team":"Kings XI Punjab","oponent":"Mumbai Indians","player":"Chris Jordan","run":"13","for":"2","six":"0","runrate":"162.50"}][{"team":"Kings XI Punjab","oponent":"Sunrisers Hyderabad","player":"Chris Jordan","run":"7","for":"0","six":"0","runrate":"58.33"}][{"team":"Kings XI Punjab","oponent":"Chennai Super Kings","player":"Chris Jordan","run":"4","for":"0","six":"0","runrate":"80.00"}]