[{"team":"Kings XI Punjab","oponent":"Delhi Capitals","player":"Chris Gayle","run":"29","for":"3","six":"2","runrate":"223.08"}][{"team":"Kings XI Punjab","oponent":"Delhi Capitals","player":"Chris Gayle","run":"29","for":"3","six":"2","runrate":"223.08"}][{"team":"Kings XI Punjab","oponent":"Rajasthan Royals","player":"Chris Gayle","run":"99","for":"6","six":"8","runrate":"157.14"}][{"team":"Kings XI Punjab","oponent":"Kolkata Knight Riders","player":"Chris Gayle","run":"51","for":"2","six":"5","runrate":"175.86"}][{"team":"Kings XI Punjab","oponent":"Mumbai Indians","player":"Chris Gayle","run":"24","for":"1","six":"2","runrate":"114.29"}][{"team":"Kings XI Punjab","oponent":"Sunrisers Hyderabad","player":"Chris Gayle","run":"20","for":"2","six":"1","runrate":"100.00"}][{"team":"Kings XI Punjab","oponent":"Chennai Super Kings","player":"Chris Gayle","run":"12","for":"0","six":"0","runrate":"63.16"}]