[{"team":"Kings XI Punjab","oponent":"Delhi Capitals","player":"Deepak Hooda","run":"15","for":"1","six":"0","runrate":"68.18"}][{"team":"Kings XI Punjab","oponent":"Delhi Capitals","player":"Deepak Hooda","run":"15","for":"1","six":"0","runrate":"68.18"}][{"team":"Kings XI Punjab","oponent":"Rajasthan Royals","player":"Deepak Hooda","run":"1","for":"0","six":"0","runrate":"100.00"}][{"team":"Kings XI Punjab","oponent":"Mumbai Indians","player":"Deepak Hooda","run":"23","for":"1","six":"1","runrate":"143.75"}][{"team":"Kings XI Punjab","oponent":"Sunrisers Hyderabad","player":"Deepak Hooda","run":"0","for":"0","six":"0","runrate":"0.00"}][{"team":"Kings XI Punjab","oponent":"Chennai Super Kings","player":"Deepak Hooda","run":"62","for":"3","six":"4","runrate":"206.67"}]