[{"team":"Kings XI Punjab","oponent":"Royal Challengers Bangalore","player":"Glenn Maxwell","run":"5","for":"0","six":"0","runrate":"83.33"}][{"team":"Kings XI Punjab","oponent":"Delhi Capitals","player":"Glenn Maxwell","run":"32","for":"3","six":"0","runrate":"133.33"}][{"team":"Kings XI Punjab","oponent":"Kolkata Knight Riders","player":"Glenn Maxwell","run":"10","for":"2","six":"0","runrate":"200.00"}][{"team":"Kings XI Punjab","oponent":"Rajasthan Royals","player":"Glenn Maxwell","run":"6","for":"1","six":"0","runrate":"100.00"}][{"team":"Kings XI Punjab","oponent":"Delhi Capitals","player":"Glenn Maxwell","run":"1","for":"0","six":"0","runrate":"25.00"}][{"team":"Kings XI Punjab","oponent":"Mumbai Indians","player":"Glenn Maxwell","run":"0","for":"0","six":"0","runrate":"0.00"}][{"team":"Kings XI Punjab","oponent":"Sunrisers Hyderabad","player":"Glenn Maxwell","run":"12","for":"0","six":"0","runrate":"92.31"}][{"team":"Kings XI Punjab","oponent":"Mumbai Indians","player":"Glenn Maxwell","run":"11","for":"0","six":"0","runrate":"61.11"}][{"team":"Kings XI Punjab","oponent":"Sunrisers Hyderabad","player":"Glenn Maxwell","run":"7","for":"0","six":"0","runrate":"58.33"}][{"team":"Kings XI Punjab","oponent":"Rajasthan Royals","player":"Glenn Maxwell","run":"13","for":"2","six":"0","runrate":"144.44"}][{"team":"Kings XI Punjab","oponent":"Chennai Super Kings","player":"Glenn Maxwell","run":"11","for":"1","six":"0","runrate":"157.14"}][{"team":"Kings XI Punjab","oponent":"Royal Challengers Bangalore","player":"Glenn Maxwell","run":"5","for":"0","six":"0","runrate":"83.33"}]