[{"team":"Kings XI Punjab","oponent":"Delhi Capitals","player":"James Neesham","run":"10","for":"0","six":"1","runrate":"125.00"}][{"team":"Kings XI Punjab","oponent":"Delhi Capitals","player":"James Neesham","run":"10","for":"0","six":"1","runrate":"125.00"}][{"team":"Kings XI Punjab","oponent":"Mumbai Indians","player":"James Neesham","run":"7","for":"0","six":"0","runrate":"100.00"}][{"team":"Kings XI Punjab","oponent":"Chennai Super Kings","player":"James Neesham","run":"2","for":"0","six":"0","runrate":"66.67"}]