[{"team":"Kings XI Punjab","oponent":"Royal Challengers Bangalore","player":"Karun Nair","run":"15","for":"2","six":"0","runrate":"187.50"}][{"team":"Kings XI Punjab","oponent":"Delhi Capitals","player":"Karun Nair","run":"1","for":"0","six":"0","runrate":"33.33"}][{"team":"Kings XI Punjab","oponent":"Mumbai Indians","player":"Karun Nair","run":"0","for":"0","six":"0","runrate":"0.00"}][{"team":"Kings XI Punjab","oponent":"Royal Challengers Bangalore","player":"Karun Nair","run":"15","for":"2","six":"0","runrate":"187.50"}]