[{"team":"Kings XI Punjab","oponant":"Royal Challengers Bangalore","player":"KL Rahul","run":"132","for":"14","six":"7","runrate":"191.30"}][{"team":"Kings XI Punjab","oponant":"Delhi Capitals","player":"KL Rahul","run":"15","for":"1","six":"1","runrate":"136.36"}][{"team":"Kings XI Punjab","opnonat":"Kolkata Knight Riders","player":"KL Rahul","run":"74","for":"6","six":"0","runrate":"127.59"}][{"team":"Kings XI Punjab","oponant":"Rajasthan Royals","player":"KL Rahul","run":"46","for":"3","six":"2","runrate":"112.20"}][{"team":"Kings XI Punjab","oponant":"Delhi Capitals","player":"KL Rahul","run":"21","for":"2","six":"1","runrate":"110.53"}][{"team":"Kings XI Punjab","oponant":"Kolkata Knight Riders","player":"KL Rahul","run":"28","for":"4","six":"0","runrate":"112.00"}][{"team":"Kings XI Punjab","oponant":"Mumbai Indians","player":"KL Rahul","run":"77","for":"7","six":"3","runrate":"150.98"}][{"team":"Kings XI Punjab","oponant":"Sunrisers Hyderabad","player":"KL Rahul","run":"27","for":"2","six":"1","runrate":"100.00"}][{"team":"Kings XI Punjab","oponant":"Mumbai Indians","player":"KL Rahul","run":"17","for":"1","six":"0","runrate":"89.47"}][{"team":"Kings XI Punjab","opnonat":"Sunrisers Hyderabad","player":"KL Rahul","run":"11","for":"0","six":"0","runrate":"68.75"}][{"team":"Kings XI Punjab","oponant":"Rajasthan Royals","player":"KL Rahul","run":"69","for":"7","six":"1","runrate":"127.78"}][{"team":"Kings XI Punjab","oponant":"Chennai Super Kings","player":"KL Rahul","run":"29","for":"3","six":"1","runrate":"107.41"}][{"team":"Kings XI Punjab","opnonat":"Chennai Super Kings","player":"KL Rahul","run":"63","for":"7","six":"1","runrate":"121.15"}][{"team":"Kings XI Punjab","oponant":"Royal Challengers Bangalore","player":"KL Rahul","run":"132","for":"14","six":"7","runrate":"191.30"}]