[{"team":"Kings XI Punjab","oponent":"Sunrisers Hyderabad","player":"Mandeep Singh","run":"17","for":"1","six":"0","runrate":"121.43"}][{"team":"Kings XI Punjab","oponent":"Kolkata Knight Riders","player":"Mandeep Singh","run":"0","for":"0","six":"0","runrate":"0.00"}][{"team":"Kings XI Punjab","oponent":"Rajasthan Royals","player":"Mandeep Singh","run":"0","for":"0","six":"0","runrate":"0.00"}][{"team":"Kings XI Punjab","oponent":"Kolkata Knight Riders","player":"Mandeep Singh","run":"66","for":"8","six":"2","runrate":"117.86"}][{"team":"Kings XI Punjab","oponent":"Sunrisers Hyderabad","player":"Mandeep Singh","run":"17","for":"1","six":"0","runrate":"121.43"}][{"team":"Kings XI Punjab","oponent":"Sunrisers Hyderabad","player":"Mandeep Singh","run":"6","for":"0","six":"0","runrate":"100.00"}][{"team":"Kings XI Punjab","oponent":"Chennai Super Kings","player":"Mandeep Singh","run":"14","for":"1","six":"0","runrate":"93.33"}][{"team":"Kings XI Punjab","oponent":"Chennai Super Kings","player":"Mandeep Singh","run":"27","for":"0","six":"2","runrate":"168.75"}]