[{"team":"Kings XI Punjab","oponent":"Royal Challengers Bangalore","player":"Mayank Agarwal","run":"26","for":"4","six":"0","runrate":"130.00"}][{"team":"Kings XI Punjab","oponent":"Delhi Capitals","player":"Mayank Agarwal","run":"5","for":"0","six":"0","runrate":"55.56"}][{"team":"Kings XI Punjab","oponent":"Kolkata Knight Riders","player":"Mayank Agarwal","run":"56","for":"6","six":"1","runrate":"143.59"}][{"team":"Kings XI Punjab","oponent":"Delhi Capitals","player":"Mayank Agarwal","run":"89","for":"7","six":"4","runrate":"148.33"}][{"team":"Kings XI Punjab","oponent":"Mumbai Indians","player":"Mayank Agarwal","run":"11","for":"1","six":"0","runrate":"110.00"}][{"team":"Kings XI Punjab","oponent":"Mumbai Indians","player":"Mayank Agarwal","run":"25","for":"3","six":"0","runrate":"138.89"}][{"team":"Kings XI Punjab","oponent":"Sunrisers Hyderabad","player":"Mayank Agarwal","run":"9","for":"1","six":"0","runrate":"150.00"}][{"team":"Kings XI Punjab","oponent":"Rajasthan Royals","player":"Mayank Agarwal","run":"106","for":"10","six":"7","runrate":"212.00"}][{"team":"Kings XI Punjab","oponent":"Chennai Super Kings","player":"Mayank Agarwal","run":"26","for":"5","six":"0","runrate":"173.33"}][{"team":"Kings XI Punjab","oponent":"Chennai Super Kings","player":"Mayank Agarwal","run":"26","for":"3","six":"0","runrate":"136.84"}][{"team":"Kings XI Punjab","oponent":"Royal Challengers Bangalore","player":"Mayank Agarwal","run":"26","for":"4","six":"0","runrate":"130.00"}]