[{"team":"Kings XI Punjab","oponent":"Delhi Capitals","player":"Mohammed Shami","run":"0","for":"0","six":"0","runrate":"0.00"}][{"team":"Kings XI Punjab","oponent":"Delhi Capitals","player":"Mohammed Shami","run":"0","for":"0","six":"0","runrate":"0.00"}][{"team":"Kings XI Punjab","oponent":"Mumbai Indians","player":"Mohammed Shami","run":"2","for":"0","six":"0","runrate":"100.00"}][{"team":"Kings XI Punjab","oponent":"Sunrisers Hyderabad","player":"Mohammed Shami","run":"0","for":"0","six":"0","runrate":"0.00"}]