[{"team":"Kings XI Punjab","oponent":"Royal Challengers Bangalore","player":"Nicholas Pooran","run":"17","for":"1","six":"0","runrate":"94.44"}][{"team":"Kings XI Punjab","oponent":"Delhi Capitals","player":"Nicholas Pooran","run":"53","for":"6","six":"3","runrate":"189.29"}][{"team":"Kings XI Punjab","oponent":"Kolkata Knight Riders","player":"Nicholas Pooran","run":"16","for":"2","six":"1","runrate":"160.00"}][{"team":"Kings XI Punjab","oponent":"Rajasthan Royals","player":"Nicholas Pooran","run":"22","for":"0","six":"3","runrate":"220.00"}][{"team":"Kings XI Punjab","oponent":"Delhi Capitals","player":"Nicholas Pooran","run":"0","for":"0","six":"0","runrate":"0.00"}][{"team":"Kings XI Punjab","oponent":"Kolkata Knight Riders","player":"Nicholas Pooran","run":"2","for":"0","six":"0","runrate":"66.67"}][{"team":"Kings XI Punjab","oponent":"Mumbai Indians","player":"Nicholas Pooran","run":"24","for":"2","six":"2","runrate":"200.00"}][{"team":"Kings XI Punjab","oponent":"Sunrisers Hyderabad","player":"Nicholas Pooran","run":"32","for":"2","six":"0","runrate":"114.29"}][{"team":"Kings XI Punjab","oponent":"Mumbai Indians","player":"Nicholas Pooran","run":"44","for":"3","six":"2","runrate":"162.96"}][{"team":"Kings XI Punjab","oponent":"Sunrisers Hyderabad","player":"Nicholas Pooran","run":"77","for":"5","six":"7","runrate":"208.11"}][{"team":"Kings XI Punjab","oponent":"Rajasthan Royals","player":"Nicholas Pooran","run":"25","for":"1","six":"3","runrate":"312.50"}][{"team":"Kings XI Punjab","oponent":"Chennai Super Kings","player":"Nicholas Pooran","run":"2","for":"0","six":"0","runrate":"33.33"}][{"team":"Kings XI Punjab","oponant":"Chennai Super Kings","player":"Nicholas Pooran","run":"33","for":"1","six":"3","runrate":"194.12"}][{"team":"Kings XI Punjab","oponent":"Royal Challengers Bangalore","player":"Nicholas Pooran","run":"17","for":"1","six":"0","runrate":"94.44"}]