[{"team":"Kings XI Punjab","oponent":"Sunrisers Hyderabad","player":"Ravi Bishnoi","run":"0","for":"0","six":"0","runrate":"0.00"}][{"team":"Kings XI Punjab","oponent":"Sunrisers Hyderabad","player":"Ravi Bishnoi","run":"0","for":"0","six":"0","runrate":"0.00"}][{"team":"Kings XI Punjab","oponent":"Mumbai Indians","player":"Ravi Bishnoi","run":"1","for":"0","six":"0","runrate":"20.00"}][{"team":"Kings XI Punjab","oponent":"Sunrisers Hyderabad","player":"Ravi Bishnoi","run":"6","for":"1","six":"0","runrate":"85.71"}]