[{"team":"Kings XI Punjab","oponent":"Delhi Capitals","player":"Sarfaraz Khan","run":"12","for":"2","six":"0","runrate":"100.00"}][{"team":"Kings XI Punjab","oponent":"Delhi Capitals","player":"Sarfaraz Khan","run":"12","for":"2","six":"0","runrate":"100.00"}][{"team":"Kings XI Punjab","oponent":"Mumbai Indians","player":"Sarfaraz Khan","run":"7","for":"1","six":"0","runrate":"87.50"}][{"team":"Kings XI Punjab","oponent":"Chennai Super Kings","player":"Sarfaraz Khan","run":"14","for":"2","six":"0","runrate":"155.56"}]